run_id,run_name,status,method,tier,owner,category,dataset,split,seed,config_hash,implementation_id,git_sha,dirty,resolution,n_train,n_validation,n_test,image_auroc,image_aupr,f1max_oracle,fpr_at_op1,recall_at_op1,tp,fp,tn,fn,requested_fpr,effective_fpr,calibration_count,threshold_rank,target_met,threshold_op1,threshold_method,threshold_comparator,threshold_source,oracle_flag,pixel_auroc,aupro_005,aupro_030,segf1_3sigma,iou_3sigma,threshold_3sigma,n_regions,n_negatives_sampled,smoothing_sigma,smoothing_units,metrics_version,fit_seconds,predict_seconds,eval_seconds,e2e_ms_per_image,peak_vram_mb,peak_rss_fit_mb,peak_rss_predict_mb,peak_rss_eval_mb,peak_vram_fit_mb,peak_vram_predict_mb,escape_by_defect,fit_extra,notes
bd177583909129a9,histogram-candle-s0,completed,histogram,T0,own,candle,visa,test,0,eb510bef18189ed5,a2d2dcd0c23061f0,4ff5a6f653d3,False,320,765,135,200,0.5132,0.46207122482319896,0.7230769230769231,0.0,0.0,0,0,100,100,0.01,0.007352941176470588,135,1,True,0.10036030740725072,conformal,>,validation,False,0.4683593017171821,0.0005562534389799433,0.03179096958108483,0.0,0.0,0.09636584092222455,714,1994466,4.0,input_px,2,17.973262600000453,7.717090199999802,17.43027019999863,23.03609014925314,0.0,807.75390625,921.13671875,975.33203125,0.0,0.0,anomaly=1.000,bins=64;oracle_f1max_threshold=0.0185412,role=confirmation
077d8688ef9105b6,pixel_pca-candle-s0,completed,pixel_pca,T0,own,candle,visa,test,0,2a1edfd28ab4e0a6,a2d2dcd0c23061f0,4ff5a6f653d3,False,320,765,135,200,0.7955,0.8180711213487617,0.7615062761506276,0.0,0.14,14,0,100,86,0.01,0.007352941176470588,135,1,True,0.09609050294730591,conformal,>,validation,False,0.8825307909996243,0.17030673675700442,0.6457068921602565,0.025583750962810924,0.012957627843311496,0.20953476487334358,714,1994466,4.0,input_px,2,16.95929729999989,6.83254030000171,22.71772129999954,20.39564268657227,0.0,905.6328125,806.11328125,872.51171875,0.0,0.0,anomaly=0.860,explained_variance_ratio=0.9020524862116401;n_components=16;oracle_f1max_threshold=0.0406055,role=confirmation
78d16c44cc2cbf3a,random-candle-s0,completed,random,T0,own,candle,visa,test,0,23725bf0e5660a4c,a2d2dcd0c23061f0,4ff5a6f653d3,False,320,765,135,200,0.4957,0.5285981540173655,0.6666666666666666,0.01,0.03,3,1,99,97,0.01,0.007352941176470588,135,1,True,0.9850767898547966,conformal,>,validation,False,0.5258074845704201,0.022339403001185573,0.1594286875446763,1.1519383666896285e-05,5.759725007689233e-06,0.5621907417591592,714,1994466,4.0,input_px,2,15.553436599999259,6.758458399999654,28.45181969999976,20.174502686566132,0.0,804.453125,914.703125,977.01953125,0.0,0.0,anomaly=0.970,oracle_f1max_threshold=-0.491419;seed=0,role=confirmation
39a7656148344f49,patchcore-candle-s0,completed,patchcore,T3,own,candle,visa,test,0,e0edb1699113ec4f,a2d2dcd0c23061f0,4ff5a6f653d3,False,640,765,135,200,0.9741,0.9728258814441679,0.9292929292929293,0.0,0.25,25,0,100,75,0.01,0.007352941176470588,135,1,True,1.7308390140533447,conformal,>,validation,False,0.9909870692555306,0.9104286930347485,0.9687389429238998,0.11221946983589934,0.059445188697938495,1.0394705233407504,714,1994466,4.0,input_px,2,143.0675728999995,44.24268239999947,44.420559300000605,132.0677086567148,910.80615234375,4367.67578125,1826.734375,1886.29296875,910.80615234375,634.11376953125,anomaly=0.750,"backbone=wide_resnet50_2;bank_capped=False;bank_effective=10000;bank_mb=19.53;bank_ratio=None;bank_requested=10000;bank_size=10000;candidate_count=446760;candidate_fraction=0.1;coreset_projection_dim=128;descriptor_dim=1024;dtype=float16;feature_grid=73x80;fit_peak_vram_mb=910.8;layers=['layer2', 'layer3'];oracle_f1max_threshold=1.32145;patch_neighbors=1;patch_pool=3;patch_reduction=nearest;patches_total=4467600;projection_dim=1024;reweight=True;reweight_neighbors=9;seed=0",role=confirmation
b99e532bf2ad6177,patchcore-candle-s0,completed,patchcore,T3,own,candle,visa,test,0,2c7f9e02a0ac3a28,a2d2dcd0c23061f0,4ff5a6f653d3,False,320,765,135,200,0.9569,0.9571124636046182,0.9038461538461539,0.0,0.34,34,0,100,66,0.01,0.007352941176470588,135,1,True,1.4418025016784668,conformal,>,validation,False,0.9902722531122556,0.8807560134653492,0.9600757472972096,0.06745678072454567,0.034905703557738,0.8599763148474279,714,1994466,4.0,input_px,2,45.849339899999904,17.57240329999877,25.497405199999776,52.45493522387692,436.31884765625,2096.7265625,1551.69140625,1617.8046875,436.31884765625,428.478515625,anomaly=0.660,"backbone=wide_resnet50_2;bank_capped=False;bank_effective=10000;bank_mb=19.53;bank_ratio=None;bank_requested=10000;bank_size=10000;candidate_count=113220;candidate_fraction=0.1;coreset_projection_dim=128;descriptor_dim=1024;dtype=float16;feature_grid=37x40;fit_peak_vram_mb=436.3;layers=['layer2', 'layer3'];oracle_f1max_threshold=1.03979;patch_neighbors=1;patch_pool=3;patch_reduction=nearest;patches_total=1132200;projection_dim=1024;reweight=True;reweight_neighbors=9;seed=0",role=confirmation
778e07db8777df9d,patchcore-candle-s1,completed,patchcore,T3,own,candle,visa,test,1,91a8973323404df0,a2d2dcd0c23061f0,4ff5a6f653d3,False,640,765,135,200,0.9687,0.9679091893757459,0.9223300970873787,0.0,0.31,31,0,100,69,0.01,0.007352941176470588,135,1,True,1.7054685354232788,conformal,>,validation,False,0.991614360661151,0.903417236486185,0.964774149822417,0.11139273477289673,0.0589814181189766,1.0387529935156132,714,1994466,4.0,input_px,2,128.13960339999903,39.169760300001144,24.971837299999606,116.92465761194372,1192.1318359375,4604.96484375,1791.24609375,1718.36328125,1192.1318359375,915.71533203125,anomaly=0.690,"backbone=wide_resnet50_2;bank_capped=False;bank_effective=10000;bank_mb=19.53;bank_ratio=None;bank_requested=10000;bank_size=10000;candidate_count=446760;candidate_fraction=0.1;coreset_projection_dim=128;descriptor_dim=1024;dtype=float16;feature_grid=73x80;fit_peak_vram_mb=1192.1;layers=['layer2', 'layer3'];oracle_f1max_threshold=1.25569;patch_neighbors=1;patch_pool=3;patch_reduction=nearest;patches_total=4467600;projection_dim=1024;reweight=True;reweight_neighbors=9;seed=1",role=confirmation
4406b4d2edd1aab9,patchcore-candle-s2,completed,patchcore,T3,own,candle,visa,test,2,c0357adf7c96d766,a2d2dcd0c23061f0,4ff5a6f653d3,False,640,765,135,200,0.9688,0.9686149211903724,0.916256157635468,0.0,0.37,37,0,100,63,0.01,0.007352941176470588,135,1,True,1.6688463687896729,conformal,>,validation,False,0.9929253810414599,0.907805485479532,0.9687807830440276,0.11005189947202863,0.058230117240407185,1.038306958880093,714,1994466,4.0,input_px,2,123.39080810000087,45.052356600001076,43.82244940000055,134.4846465671674,1474.21923828125,4611.44140625,1798.23828125,1732.609375,1474.21923828125,1197.177734375,anomaly=0.630,"backbone=wide_resnet50_2;bank_capped=False;bank_effective=10000;bank_mb=19.53;bank_ratio=None;bank_requested=10000;bank_size=10000;candidate_count=446760;candidate_fraction=0.1;coreset_projection_dim=128;descriptor_dim=1024;dtype=float16;feature_grid=73x80;fit_peak_vram_mb=1474.2;layers=['layer2', 'layer3'];oracle_f1max_threshold=1.27864;patch_neighbors=1;patch_pool=3;patch_reduction=nearest;patches_total=4467600;projection_dim=1024;reweight=True;reweight_neighbors=9;seed=2",role=confirmation
b21257ab4003801e,histogram-capsules-s0,completed,histogram,T0,own,capsules,visa,test,0,9eafa139ce338fb1,b76d4f8dd1b63d04,c53e7f67e6c4,False,320,461,81,160,0.551,0.7106585580490234,0.7722007722007722,0.0,0.01,1,0,60,99,0.01,0.012195121951219513,81,1,False,0.043637203647829734,conformal,>,validation,False,0.49159503266217935,0.052824377347538455,0.19972551478291506,0.008528912273206868,0.004282719606510771,0.02599002756790174,156,1991280,4.0,input_px,2,11.032739300000685,5.4539404999995895,14.868850800001383,22.630458506222364,0.0,nan,nan,nan,nan,nan,anomaly=0.990,bins=64;oracle_f1max_threshold=0.000854972,role=development
c0016bb15c8083d8,mean_intensity-capsules-s0,completed,mean_intensity,T0,own,capsules,visa,test,0,e3234171d7e07d64,b76d4f8dd1b63d04,c53e7f67e6c4,False,320,461,81,160,0.5045,0.6944516272880982,0.7692307692307693,0.0,0.01,1,0,60,99,0.01,0.012195121951219513,81,1,False,3.798936090336446,conformal,>,validation,False,0.479673184926639,0.0544148793884921,0.20411338521423494,0.012373961060215205,0.006225497562315885,2.7626526713981368,156,1991280,4.0,input_px,2,10.295518699997046,5.110578499999974,14.909726999998384,21.205719917012342,0.0,nan,nan,nan,nan,nan,anomaly=0.990,oracle_f1max_threshold=-0.482882;train_mean=0.1395948603173512;train_std=0.07658632408947486,role=development
54885b3083d9aaac,pixel_pca-capsules-s0,completed,pixel_pca,T0,own,capsules,visa,test,0,ef57bb46f7992465,b76d4f8dd1b63d04,c53e7f67e6c4,False,320,461,81,160,0.789,0.8587561012900156,0.8209606986899564,0.0,0.08,8,0,60,92,0.01,0.012195121951219513,81,1,False,0.3369249848642084,conformal,>,validation,False,0.7817567302720929,0.1318285012431198,0.4025692969103464,0.052839637038187746,0.027136766977843438,0.8243664922526057,156,1991280,4.0,input_px,2,10.510239600000205,5.077448500000173,23.235901199997897,21.068251037345117,0.0,nan,nan,nan,nan,nan,anomaly=0.920,explained_variance_ratio=0.26703336866793104;n_components=16;oracle_f1max_threshold=0.275817,role=development
d1aca54ebd01fa9c,random-capsules-s0,completed,random,T0,own,capsules,visa,test,0,0415faca927e4328,b76d4f8dd1b63d04,c53e7f67e6c4,False,320,461,81,160,0.48533333333333334,0.6124021005320753,0.7692307692307693,0.03333333333333333,0.01,1,2,58,99,0.01,0.012195121951219513,81,1,False,0.9896999089901832,conformal,>,validation,False,0.507397820756816,0.029785236756014664,0.15034333463032384,0.0002996078613130108,0.0001498263752364318,0.5624739443689357,156,1991280,4.0,input_px,2,10.505793899999844,4.751573099998495,14.36269220000031,19.716070954350602,0.0,nan,nan,nan,nan,nan,anomaly=0.990,oracle_f1max_threshold=-0.49268;seed=0,role=development
74e5cfcde0724b2a,random-capsules-s1,completed,random,T0,own,capsules,visa,test,1,5dcabe5fe2045a3b,b76d4f8dd1b63d04,c53e7f67e6c4,False,320,461,81,160,0.4728333333333333,0.6318167826487686,0.7722007722007722,0.016666666666666666,0.0,0,1,59,100,0.01,0.012195121951219513,81,1,False,0.9970306756567334,conformal,>,validation,False,0.50104662777822,0.016840619165036978,0.12038247140148671,9.888386927552482e-05,4.9444379263530164e-05,0.5625659030710456,156,1991280,4.0,input_px,2,6.4637097000013455,3.61386069999935,16.05077500000334,14.995272614105186,0.0,nan,nan,nan,nan,nan,anomaly=1.000,oracle_f1max_threshold=0.0133722;seed=1,role=development
a0d1afb29c4982ec,random-capsules-s2,completed,random,T0,own,capsules,visa,test,2,7b28c8755fa3c6d1,b76d4f8dd1b63d04,c53e7f67e6c4,False,320,461,81,160,0.5296666666666666,0.6663603796065246,0.7734375,0.0,0.0,0,0,60,100,0.01,0.012195121951219513,81,1,False,0.9951490950485782,conformal,>,validation,False,0.5176634514245804,0.016545131743235384,0.15177281327336994,0.0019048818636784404,0.0009533489403923756,0.5633355889596062,156,1991280,4.0,input_px,2,10.494294000000082,5.24529320000147,24.778095700003178,21.764702074694895,0.0,nan,nan,nan,nan,nan,anomaly=1.000,oracle_f1max_threshold=0.0381023;seed=2,role=development
f03361acc0f297a0,cae_l2-capsules-s0,completed,cae_l2,T1,own,capsules,visa,test,0,1edfb5b144093de9,b76d4f8dd1b63d04,c53e7f67e6c4,False,320,461,81,160,0.6753333333333333,0.7613329673607538,0.7948717948717948,0.016666666666666666,0.1,10,1,59,90,0.01,0.012195121951219513,81,1,False,2.501919746398926,conformal,>,validation,False,0.9370818285903733,0.16645488677905315,0.639795911470605,0.08050152592001528,0.041938832985319065,0.1298878826069632,156,1991280,4.0,input_px,2,87.94198799999867,7.233934399999271,21.650745999999344,30.016325311200294,480.48828125,nan,nan,nan,nan,nan,anomaly=0.900,base_channels=32;batch_size=16;best_val_loss=0.032326;depth=4;early_stopping_patience=12;epochs=60;epochs_run=60;latent_dim=128;loss=l2;lr=0.0002;n_holdout=46;n_train=415;oracle_f1max_threshold=1.63681;parameters=1972163;peak_vram_mb=480.5;residual=multiscale;score_map=l2;seed=0;val_fraction=0.1,role=development
c9080dfbd877891d,cae_l2-capsules-s1,completed,cae_l2,T1,own,capsules,visa,test,1,49c3d133700e118c,b76d4f8dd1b63d04,c53e7f67e6c4,False,320,461,81,160,0.687,0.77070506315284,0.7927927927927928,0.016666666666666666,0.09,9,1,59,91,0.01,0.012195121951219513,81,1,False,2.4828405380249023,conformal,>,validation,False,0.9362362743523689,0.1747891895073036,0.6418549782647393,0.0797384286535672,0.04152477445958411,0.12809746129373056,156,1991280,4.0,input_px,2,89.28738819999853,7.374449599999934,18.6605055,30.599375933609686,480.48828125,nan,nan,nan,nan,nan,anomaly=0.910,base_channels=32;batch_size=16;best_val_loss=0.031512;depth=4;early_stopping_patience=12;epochs=60;epochs_run=60;latent_dim=128;loss=l2;lr=0.0002;n_holdout=46;n_train=415;oracle_f1max_threshold=1.69283;parameters=1972163;peak_vram_mb=480.5;residual=multiscale;score_map=l2;seed=1;val_fraction=0.1,role=development
f69ea38eef9108d7,cae_l2-capsules-s2,completed,cae_l2,T1,own,capsules,visa,test,2,67aa4256e98579cc,b76d4f8dd1b63d04,c53e7f67e6c4,False,320,461,81,160,0.7051666666666667,0.7809667092666457,0.8032786885245902,0.03333333333333333,0.08,8,2,58,92,0.01,0.012195121951219513,81,1,False,2.4530715942382812,conformal,>,validation,False,0.9352989508053711,0.16486096439880585,0.6421408486443552,0.07824152073818887,0.04071350358669583,0.13104112078252889,156,1991280,4.0,input_px,2,90.57545709999977,7.278357299997879,18.08193850000316,30.200652697086635,480.48828125,nan,nan,nan,nan,nan,anomaly=0.920,base_channels=32;batch_size=16;best_val_loss=0.031527;depth=4;early_stopping_patience=12;epochs=60;epochs_run=60;latent_dim=128;loss=l2;lr=0.0002;n_holdout=46;n_train=415;oracle_f1max_threshold=1.63828;parameters=1972163;peak_vram_mb=480.5;residual=multiscale;score_map=l2;seed=2;val_fraction=0.1,role=development
a3751b047ef3124f,cae_ssim-capsules-s0,completed,cae_ssim,T1,own,capsules,visa,test,0,503745999c832ca1,b76d4f8dd1b63d04,c53e7f67e6c4,False,320,461,81,160,0.6056666666666667,0.7138919408343319,0.7764705882352941,0.0,0.04,4,0,60,96,0.01,0.012195121951219513,81,1,False,1.0889105796813965,conformal,>,validation,False,0.9424212850762306,0.23949551134485886,0.6037835585728245,0.11484735829435368,0.060922047240929096,0.46028276088993203,156,1991280,4.0,input_px,2,132.99920749999728,7.230581199997687,23.732899800001178,30.002411618247663,607.4228515625,nan,nan,nan,nan,nan,anomaly=0.960,base_channels=32;batch_size=16;best_val_loss=0.217471;depth=4;early_stopping_patience=12;epochs=60;epochs_run=60;latent_dim=128;loss=ssim;lr=0.0002;n_holdout=46;n_train=415;oracle_f1max_threshold=0.899301;parameters=1972163;peak_vram_mb=607.4;residual=multiscale;score_map=ssim;seed=0;val_fraction=0.1,role=development
90c97408c280742f,cae_ssim-capsules-s1,completed,cae_ssim,T1,own,capsules,visa,test,1,8ce69958df294493,b76d4f8dd1b63d04,c53e7f67e6c4,False,320,461,81,160,0.6308333333333334,0.7609190621453903,0.7692307692307693,0.0,0.0,0,0,60,100,0.01,0.012195121951219513,81,1,False,1.1430039405822754,conformal,>,validation,False,0.9330153291838201,0.1905976869860898,0.5853605954903283,0.09634924182034271,0.050612877076505094,0.4733375137848981,156,1991280,4.0,input_px,2,133.01884710000013,6.893174700002419,23.966016200000013,28.60238464731294,607.4228515625,nan,nan,nan,nan,nan,anomaly=1.000,base_channels=32;batch_size=16;best_val_loss=0.225042;depth=4;early_stopping_patience=12;epochs=60;epochs_run=60;latent_dim=128;loss=ssim;lr=0.0002;n_holdout=46;n_train=415;oracle_f1max_threshold=0.381108;parameters=1972163;peak_vram_mb=607.4;residual=multiscale;score_map=ssim;seed=1;val_fraction=0.1,role=development
bc00ebccd21ec17d,cae_ssim-capsules-s2,completed,cae_ssim,T1,own,capsules,visa,test,2,0ee796bb37f920ad,b76d4f8dd1b63d04,c53e7f67e6c4,False,320,461,81,160,0.6055,0.7163206397759974,0.7764705882352941,0.03333333333333333,0.04,4,2,58,96,0.01,0.012195121951219513,81,1,False,1.0752434730529785,conformal,>,validation,False,0.9316272160063203,0.1962956470956408,0.5835664129170236,0.0923713709208059,0.048422093017860206,0.47631401031472376,156,1991280,4.0,input_px,2,132.78412680000474,5.483484600001248,24.814262300002156,22.75304813278526,607.4228515625,nan,nan,nan,nan,nan,anomaly=0.960,base_channels=32;batch_size=16;best_val_loss=0.220001;depth=4;early_stopping_patience=12;epochs=60;epochs_run=60;latent_dim=128;loss=ssim;lr=0.0002;n_holdout=46;n_train=415;oracle_f1max_threshold=0.903818;parameters=1972163;peak_vram_mb=607.4;residual=multiscale;score_map=ssim;seed=2;val_fraction=0.1,role=development
045ec103583f7039,patchcore-capsules-s0,completed,patchcore,T3,own,capsules,visa,test,0,a4fa25154caeabc8,e76083ff53054fe1,469e9b3e2494,False,448,461,81,160,0.764,0.8682234884346891,0.784,0.0,0.33,33,0,60,67,0.01,0.012195121951219513,81,1,False,1.8440481424331665,conformal,>,validation,False,0.9864880526522292,0.6881247019299744,0.8938293124988939,0.6044754588772019,0.4331528690931217,1.6620415779734663,156,1991280,4.0,input_px,2,42.425920600000154,16.223326099999667,23.425546700000268,67.31670580912726,1049.14404296875,2280.6796875,1696.92578125,1700.80078125,1049.14404296875,999.94775390625,anomaly=0.670,"backbone=wide_resnet50_2;bank_capped=False;bank_effective=9810;bank_mb=19.16;bank_ratio=0.01;bank_requested=9810;bank_size=None;candidate_count=98193;candidate_fraction=0.1;coreset_projection_dim=128;descriptor_dim=1024;dtype=float16;feature_grid=38x56;fit_peak_vram_mb=1049.1;layers=['layer2', 'layer3'];oracle_f1max_threshold=1.46448;patch_neighbors=1;patch_pool=3;patch_reduction=nearest;patches_total=981008;projection_dim=1024;reweight=True;reweight_neighbors=9;seed=0",role=development
59c39af4fabbfaa3,patchcore-capsules-s0,completed,patchcore,T3,own,capsules,visa,test,0,22248f6615100112,e76083ff53054fe1,469e9b3e2494,False,448,461,81,160,0.7651666666666667,0.868681275419726,0.788135593220339,0.0,0.33,33,0,60,67,0.01,0.012195121951219513,81,1,False,1.8440481424331665,conformal,>,validation,False,0.9865635450838564,0.6893762849533883,0.8946519594173225,0.6047216997569193,0.43340579413552593,1.6604321864544054,156,1991280,4.0,input_px,2,37.99023050000005,15.802974900000208,24.70944419999978,65.57250995850708,1046.99658203125,2145.2890625,1561.10546875,1574.21484375,1046.99658203125,1002.77880859375,anomaly=0.670,"backbone=wide_resnet50_2;bank_capped=False;bank_effective=10000;bank_mb=19.53;bank_ratio=None;bank_requested=10000;bank_size=10000;candidate_count=98193;candidate_fraction=0.1;coreset_projection_dim=128;descriptor_dim=1024;dtype=float16;feature_grid=38x56;fit_peak_vram_mb=1047.0;layers=['layer2', 'layer3'];oracle_f1max_threshold=1.48646;patch_neighbors=1;patch_pool=3;patch_reduction=nearest;patches_total=981008;projection_dim=1024;reweight=True;reweight_neighbors=9;seed=0",role=development
5aba071ce5bab50c,patchcore-capsules-s0,completed,patchcore,T3,own,capsules,visa,test,0,344ea42c9581dcca,e76083ff53054fe1,469e9b3e2494,False,640,461,81,160,0.9163333333333333,0.9536102473373884,0.9029126213592233,0.016666666666666666,0.51,51,1,59,49,0.01,0.012195121951219513,81,1,False,1.7473009824752808,conformal,>,validation,False,0.9936701133990025,0.8529153485361592,0.9514503239302532,0.5351761022884748,0.3653518372580985,1.554141928409956,156,1991280,4.0,input_px,2,62.50877609999952,23.487392200000613,24.743393100000503,97.45805892116437,1299.20947265625,3109.859375,1877.6640625,1868.890625,1299.20947265625,1118.66845703125,anomaly=0.490,"backbone=wide_resnet50_2;bank_capped=False;bank_effective=10000;bank_mb=19.53;bank_ratio=None;bank_requested=10000;bank_size=10000;candidate_count=199152;candidate_fraction=0.1;coreset_projection_dim=128;descriptor_dim=1024;dtype=float16;feature_grid=54x80;fit_peak_vram_mb=1299.2;layers=['layer2', 'layer3'];oracle_f1max_threshold=1.52321;patch_neighbors=1;patch_pool=3;patch_reduction=nearest;patches_total=1991520;projection_dim=1024;reweight=True;reweight_neighbors=9;seed=0",role=development
7efbb6b7014e37c7,patchcore-capsules-s0,completed,patchcore,T3,own,capsules,visa,test,0,52758b2ef06190cc,e76083ff53054fe1,469e9b3e2494,False,320,461,81,160,0.6615,0.8071854046570575,0.7751937984496124,0.0,0.16,16,0,60,84,0.01,0.012195121951219513,81,1,False,1.9241783618927002,conformal,>,validation,False,0.9640500376544068,0.42921243263626657,0.7167683125395581,0.49985377495686956,0.33320336818665686,1.8302342658507962,156,1991280,4.0,input_px,2,24.96611699999994,11.6442305999999,22.509794300000067,48.31630954356805,929.08544921875,1947.02734375,1657.453125,1570.77734375,929.08544921875,886.24853515625,anomaly=0.840,"backbone=wide_resnet50_2;bank_capped=False;bank_effective=4979;bank_mb=9.72;bank_ratio=0.01;bank_requested=4979;bank_size=None;candidate_count=49788;candidate_fraction=0.1;coreset_projection_dim=128;descriptor_dim=1024;dtype=float16;feature_grid=27x40;fit_peak_vram_mb=929.1;layers=['layer2', 'layer3'];oracle_f1max_threshold=1.53332;patch_neighbors=1;patch_pool=3;patch_reduction=nearest;patches_total=497880;projection_dim=1024;reweight=True;reweight_neighbors=9;seed=0",role=development
a294b2fb77fd5666,patchcore-capsules-s0,completed,patchcore,T3,own,capsules,visa,test,0,24ce84e153a79cac,e76083ff53054fe1,469e9b3e2494,False,320,461,81,160,0.7018333333333333,0.8193095915415083,0.7854251012145749,0.0,0.13,13,0,60,87,0.01,0.012195121951219513,81,1,False,1.922972321510315,conformal,>,validation,False,0.9692179602382616,0.41240219809607986,0.7253110812991324,0.5137359471960232,0.3456559056426159,1.7726100381039682,156,1991280,4.0,input_px,2,31.58987160000015,12.369414700000107,23.34337259999984,51.325372199170566,946.8642578125,1945.0234375,1660.9296875,1586.0703125,929.38720703125,946.8642578125,anomaly=0.870,"backbone=wide_resnet50_2;bank_capped=False;bank_effective=10000;bank_mb=19.53;bank_ratio=None;bank_requested=10000;bank_size=10000;candidate_count=49788;candidate_fraction=0.1;coreset_projection_dim=128;descriptor_dim=1024;dtype=float16;feature_grid=27x40;fit_peak_vram_mb=929.4;layers=['layer2', 'layer3'];oracle_f1max_threshold=1.49683;patch_neighbors=1;patch_pool=3;patch_reduction=nearest;patches_total=497880;projection_dim=1024;reweight=True;reweight_neighbors=9;seed=0",role=development
e710d5b7e73f7fbd,patchcore-capsules-s0,completed,patchcore,T3,own,capsules,visa,test,0,52758b2ef06190cc,b76d4f8dd1b63d04,c53e7f67e6c4,False,320,461,81,160,0.6615,0.8071854046570575,0.7751937984496124,0.0,0.16,16,0,60,84,0.01,0.012195121951219513,81,1,False,1.9241783618927002,conformal,>,validation,False,0.9640500376544068,0.42921243263626657,0.7167683125395581,0.49985377495686956,0.33320336818665686,1.8302342658507962,156,1991280,4.0,input_px,2,28.27945819999877,11.453030000000581,25.016019799997594,47.522946058093694,928.25439453125,nan,nan,nan,nan,nan,anomaly=0.840,"backbone=wide_resnet50_2;bank_capped=False;bank_effective=4979;bank_mb=9.72;bank_ratio=0.01;bank_requested=4979;bank_size=None;candidate_count=49788;candidate_fraction=0.1;coreset_projection_dim=128;descriptor_dim=1024;dtype=float16;feature_grid=27x40;fit_peak_vram_mb=928.3;layers=['layer2', 'layer3'];oracle_f1max_threshold=1.53332;patch_neighbors=1;patch_pool=3;patch_reduction=nearest;patches_total=497880;projection_dim=1024;reweight=True;reweight_neighbors=9;seed=0",role=development
e90fda6df3df741d,patchcore-capsules-s0,completed,patchcore,T3,own,capsules,visa,test,0,a12d98d5ed49f981,e76083ff53054fe1,469e9b3e2494,False,640,461,81,160,0.9095,0.9464022819697231,0.8921568627450981,0.016666666666666666,0.48,48,1,59,52,0.01,0.012195121951219513,81,1,False,1.75003182888031,conformal,>,validation,False,0.9946081634150075,0.8530893481833002,0.955636806858922,0.47552749100300695,0.31192920055729584,1.4833035893943936,156,1991280,4.0,input_px,2,94.01308139999946,31.329491600000438,24.72793449999972,129.99789045643334,1355.99658203125,3089.984375,1901.37890625,1859.87109375,1300.91845703125,1355.99658203125,anomaly=0.520,"backbone=wide_resnet50_2;bank_capped=False;bank_effective=19915;bank_mb=38.9;bank_ratio=0.01;bank_requested=19915;bank_size=None;candidate_count=199152;candidate_fraction=0.1;coreset_projection_dim=128;descriptor_dim=1024;dtype=float16;feature_grid=54x80;fit_peak_vram_mb=1300.9;layers=['layer2', 'layer3'];oracle_f1max_threshold=1.49154;patch_neighbors=1;patch_pool=3;patch_reduction=nearest;patches_total=1991520;projection_dim=1024;reweight=True;reweight_neighbors=9;seed=0",role=development
6d62f0ab7d531208,patchcore-capsules-s1,completed,patchcore,T3,own,capsules,visa,test,1,09ec040901444c8c,e76083ff53054fe1,469e9b3e2494,False,640,461,81,160,0.916,0.9512895254771851,0.8877551020408163,0.05,0.59,59,3,57,41,0.01,0.012195121951219513,81,1,False,1.7152202129364014,conformal,>,validation,False,0.9936087344692918,0.8770909190244885,0.9664474361568378,0.5415724173388924,0.3713399443191529,1.553803903910013,156,1991280,4.0,input_px,2,61.60121590000017,23.396408200000224,24.560961700000007,97.0805319502084,1294.4140625,3015.95703125,1783.81640625,1741.78125,1294.4140625,1114.966796875,anomaly=0.410,"backbone=wide_resnet50_2;bank_capped=False;bank_effective=10000;bank_mb=19.53;bank_ratio=None;bank_requested=10000;bank_size=10000;candidate_count=199152;candidate_fraction=0.1;coreset_projection_dim=128;descriptor_dim=1024;dtype=float16;feature_grid=54x80;fit_peak_vram_mb=1294.4;layers=['layer2', 'layer3'];oracle_f1max_threshold=1.56307;patch_neighbors=1;patch_pool=3;patch_reduction=nearest;patches_total=1991520;projection_dim=1024;reweight=True;reweight_neighbors=9;seed=1",role=development
c6fed01f5766b09e,patchcore-capsules-s1,completed,patchcore,T3,own,capsules,visa,test,1,82f65458eff96460,b76d4f8dd1b63d04,c53e7f67e6c4,False,320,461,81,160,0.7231666666666666,0.8362363729674775,0.8,0.0,0.2,20,0,60,80,0.01,0.012195121951219513,81,1,False,1.9042232036590576,conformal,>,validation,False,0.9662474284319613,0.42780544371698664,0.7009084301961189,0.5090755348054996,0.3414495815782911,1.8284003300144542,156,1991280,4.0,input_px,2,25.779299900001206,11.79652139999962,24.82086369999888,48.94822157676191,1196.904296875,nan,nan,nan,nan,nan,anomaly=0.800,"backbone=wide_resnet50_2;bank_capped=False;bank_effective=4979;bank_mb=9.72;bank_ratio=0.01;bank_requested=4979;bank_size=None;candidate_count=49788;candidate_fraction=0.1;coreset_projection_dim=128;descriptor_dim=1024;dtype=float16;feature_grid=27x40;fit_peak_vram_mb=1196.9;layers=['layer2', 'layer3'];oracle_f1max_threshold=1.5648;patch_neighbors=1;patch_pool=3;patch_reduction=nearest;patches_total=497880;projection_dim=1024;reweight=True;reweight_neighbors=9;seed=1",role=development
3134767eeb776b86,patchcore-capsules-s2,completed,patchcore,T3,own,capsules,visa,test,2,7c98e1b0c2ab2e4c,e76083ff53054fe1,469e9b3e2494,False,640,461,81,160,0.926,0.9591440784641818,0.8899521531100478,0.016666666666666666,0.51,51,1,59,49,0.01,0.012195121951219513,81,1,False,1.771239995956421,conformal,>,validation,False,0.9937264024307008,0.8622204123814361,0.9493607767611211,0.5050971179554381,0.3378795532620972,1.53904692905602,156,1991280,4.0,input_px,2,62.51745300000039,23.476742599999852,24.798764400000437,97.41386970954295,1572.37646484375,2992.41796875,1759.7734375,1745.53515625,1572.37646484375,1391.49169921875,anomaly=0.490,"backbone=wide_resnet50_2;bank_capped=False;bank_effective=10000;bank_mb=19.53;bank_ratio=None;bank_requested=10000;bank_size=10000;candidate_count=199152;candidate_fraction=0.1;coreset_projection_dim=128;descriptor_dim=1024;dtype=float16;feature_grid=54x80;fit_peak_vram_mb=1572.4;layers=['layer2', 'layer3'];oracle_f1max_threshold=1.52123;patch_neighbors=1;patch_pool=3;patch_reduction=nearest;patches_total=1991520;projection_dim=1024;reweight=True;reweight_neighbors=9;seed=2",role=development
65805796a4770cac,patchcore-capsules-s2,completed,patchcore,T3,own,capsules,visa,test,2,329f28fbf0ee97ae,b76d4f8dd1b63d04,c53e7f67e6c4,False,320,461,81,160,0.7458333333333333,0.8505207932865131,0.7808764940239044,0.0,0.14,14,0,60,86,0.01,0.012195121951219513,81,1,False,1.9291578531265259,conformal,>,validation,False,0.9693508149570036,0.4315601721370349,0.6923426009658812,0.5495058621324658,0.3788404570461278,1.7974112924747998,156,1991280,4.0,input_px,2,26.163399999997637,11.513786600000458,25.163443099998403,47.77504813278198,1464.27294921875,nan,nan,nan,nan,nan,anomaly=0.860,"backbone=wide_resnet50_2;bank_capped=False;bank_effective=4979;bank_mb=9.72;bank_ratio=0.01;bank_requested=4979;bank_size=None;candidate_count=49788;candidate_fraction=0.1;coreset_projection_dim=128;descriptor_dim=1024;dtype=float16;feature_grid=27x40;fit_peak_vram_mb=1464.3;layers=['layer2', 'layer3'];oracle_f1max_threshold=1.54402;patch_neighbors=1;patch_pool=3;patch_reduction=nearest;patches_total=497880;projection_dim=1024;reweight=True;reweight_neighbors=9;seed=2",role=development
35b83da07689387b,histogram-cashew-s0,completed,histogram,T0,own,cashew,visa,test,0,dcbc04666d616146,a2d2dcd0c23061f0,4ff5a6f653d3,False,320,382,68,150,0.9624,0.9733384614650276,0.9803921568627451,0.02,0.31,31,1,49,69,0.01,0.014492753623188406,68,1,False,0.04924588490516926,conformal,>,validation,False,0.7932455922670645,0.06896802591894333,0.2961532145797525,0.031283499763689944,0.015890302011455134,0.03131315703113202,152,1975565,4.0,input_px,2,9.766084700000647,5.508997099997941,12.592717799998354,25.270628899073127,0.0,810.21875,880.72265625,953.2421875,0.0,0.0,anomaly=0.690,bins=64;oracle_f1max_threshold=0.0162834,role=confirmation
3ddcdd083681831f,pixel_pca-cashew-s0,completed,pixel_pca,T0,own,cashew,visa,test,0,da644659970c1a0b,a2d2dcd0c23061f0,4ff5a6f653d3,False,320,382,68,150,0.8596,0.9123664570044433,0.897196261682243,0.04,0.3,30,2,48,70,0.01,0.014492753623188406,68,1,False,0.1169014047438932,conformal,>,validation,False,0.9555625234871316,0.2681181113263116,0.6170770657262479,0.2962153054114121,0.17385724050240933,0.2676012557367054,152,1975565,4.0,input_px,2,9.314249200000631,4.950292999998055,17.686858300003223,22.70776605503695,0.0,850.51953125,819.453125,887.4453125,0.0,0.0,anomaly=0.700,explained_variance_ratio=0.8401600456606164;n_components=16;oracle_f1max_threshold=0.0946896,role=confirmation
7cea7b52c83ae5a6,random-cashew-s0,completed,random,T0,own,cashew,visa,test,0,cd82aa584ba86854,a2d2dcd0c23061f0,4ff5a6f653d3,False,320,382,68,150,0.4984,0.6902070640279006,0.8,0.0,0.0,0,0,50,100,0.01,0.014492753623188406,68,1,False,0.9951163784300926,conformal,>,validation,False,0.5011955406973901,0.02312482024490291,0.157689671329496,0.0032484551994858457,0.001626870006909339,0.5621550110979593,152,1975565,4.0,input_px,2,8.657012600000598,4.908909300000232,20.253583400000934,22.517932568808405,0.0,805.40625,872.30078125,951.8125,0.0,0.0,anomaly=1.000,oracle_f1max_threshold=-0.499356;seed=0,role=confirmation
53d502f98bce7f91,patchcore-cashew-s0,completed,patchcore,T3,own,cashew,visa,test,0,6946513cfeb14575,a2d2dcd0c23061f0,4ff5a6f653d3,False,640,382,68,150,0.9792,0.9906861023045814,0.9595959595959596,0.0,0.68,68,0,50,32,0.01,0.014492753623188406,68,1,False,1.4829461574554443,conformal,>,validation,False,0.9120927413166904,0.8343804187186094,0.9249810963766474,0.4480310906189218,0.2886856095574722,1.257514163104552,152,1975565,4.0,input_px,2,57.57652049999888,25.17337840000073,16.877217799999926,115.47421284404004,1760.1796875,3127.26171875,1754.9609375,1738.47265625,1760.1796875,1483.02001953125,anomaly=0.320,"backbone=wide_resnet50_2;bank_capped=False;bank_effective=10000;bank_mb=19.53;bank_ratio=None;bank_requested=10000;bank_size=10000;candidate_count=226144;candidate_fraction=0.1;coreset_projection_dim=128;descriptor_dim=1024;dtype=float16;feature_grid=74x80;fit_peak_vram_mb=1760.2;layers=['layer2', 'layer3'];oracle_f1max_threshold=1.30659;patch_neighbors=1;patch_pool=3;patch_reduction=nearest;patches_total=2261440;projection_dim=1024;reweight=True;reweight_neighbors=9;seed=0",role=confirmation
d5b3d1bd0c83ca47,patchcore-cashew-s0,completed,patchcore,T3,own,cashew,visa,test,0,d9534e47f967e8c4,a2d2dcd0c23061f0,4ff5a6f653d3,False,320,382,68,150,0.968,0.9858316803195809,0.9365853658536586,0.0,0.71,71,0,50,29,0.01,0.014492753623188406,68,1,False,1.2444465160369873,conformal,>,validation,False,0.987519404698688,0.7592991825669777,0.9273542003827412,0.3588054014646672,0.21862453226745898,1.0263016120252637,152,1975565,4.0,input_px,2,27.39895830000023,11.75288719999844,18.106069299999945,53.912326605497434,706.87109375,2031.08984375,1697.1484375,1629.984375,706.87109375,698.81591796875,anomaly=0.290,"backbone=wide_resnet50_2;bank_capped=False;bank_effective=10000;bank_mb=19.53;bank_ratio=None;bank_requested=10000;bank_size=10000;candidate_count=56536;candidate_fraction=0.1;coreset_projection_dim=128;descriptor_dim=1024;dtype=float16;feature_grid=37x40;fit_peak_vram_mb=706.9;layers=['layer2', 'layer3'];oracle_f1max_threshold=1.07914;patch_neighbors=1;patch_pool=3;patch_reduction=nearest;patches_total=565360;projection_dim=1024;reweight=True;reweight_neighbors=9;seed=0",role=confirmation
2fb1e424b23d2170,patchcore-cashew-s1,completed,patchcore,T3,own,cashew,visa,test,1,85b9c155b63af717,a2d2dcd0c23061f0,4ff5a6f653d3,False,640,382,68,150,0.9702,0.9864496208875564,0.9411764705882353,0.0,0.72,72,0,50,28,0.01,0.014492753623188406,68,1,False,1.4650752544403076,conformal,>,validation,False,0.9135623264694568,0.8168593261817376,0.9088418468127032,0.443500039031342,0.28493417934642173,1.2592992769587819,152,1975565,4.0,input_px,2,77.10136280000006,29.663198199999897,31.842021000000386,136.069716513761,2042.93896484375,3109.6796875,1737.37890625,1738.73828125,2042.93896484375,1765.97021484375,anomaly=0.280,"backbone=wide_resnet50_2;bank_capped=False;bank_effective=10000;bank_mb=19.53;bank_ratio=None;bank_requested=10000;bank_size=10000;candidate_count=226144;candidate_fraction=0.1;coreset_projection_dim=128;descriptor_dim=1024;dtype=float16;feature_grid=74x80;fit_peak_vram_mb=2042.9;layers=['layer2', 'layer3'];oracle_f1max_threshold=1.29995;patch_neighbors=1;patch_pool=3;patch_reduction=nearest;patches_total=2261440;projection_dim=1024;reweight=True;reweight_neighbors=9;seed=1",role=confirmation
d26a27b6b5a11c57,patchcore-cashew-s2,completed,patchcore,T3,own,cashew,visa,test,2,642c0fbcd61fdd8d,a2d2dcd0c23061f0,4ff5a6f653d3,False,640,382,68,150,0.9762,0.9892065244175058,0.9468599033816425,0.0,0.65,65,0,50,35,0.01,0.014492753623188406,68,1,False,1.5146199464797974,conformal,>,validation,False,0.9152150944874767,0.8225742339570303,0.8989010899065494,0.43676845618144233,0.2794009997485936,1.2541016107172676,152,1975565,4.0,input_px,2,83.41882950000036,27.814488100000744,22.229722500000207,127.58939495413186,1198.0673828125,3110.83984375,1738.5546875,1740.82421875,1198.0673828125,920.32958984375,anomaly=0.350,"backbone=wide_resnet50_2;bank_capped=False;bank_effective=10000;bank_mb=19.53;bank_ratio=None;bank_requested=10000;bank_size=10000;candidate_count=226144;candidate_fraction=0.1;coreset_projection_dim=128;descriptor_dim=1024;dtype=float16;feature_grid=74x80;fit_peak_vram_mb=1198.1;layers=['layer2', 'layer3'];oracle_f1max_threshold=1.27628;patch_neighbors=1;patch_pool=3;patch_reduction=nearest;patches_total=2261440;projection_dim=1024;reweight=True;reweight_neighbors=9;seed=2",role=confirmation
3f389d2cd3adeba8,histogram-chewinggum-s0,completed,histogram,T0,own,chewinggum,visa,test,0,4e566a6e69f66b28,a2d2dcd0c23061f0,4ff5a6f653d3,False,320,385,68,150,0.643,0.7532659611673858,0.8081632653061225,0.0,0.01,1,0,50,99,0.01,0.014492753623188406,68,1,False,0.013473953436079445,conformal,>,validation,False,0.5282052084192399,0.08836281277945963,0.25305615831465234,0.0028256343336218377,0.0014148160432046377,0.01247419427973547,217,1986723,4.0,input_px,2,8.661681300000055,4.780245100002503,12.674729800000932,21.927729816525243,0.0,813.28515625,879.73828125,939.2734375,0.0,0.0,anomaly=0.990,bins=64;oracle_f1max_threshold=0.000659533,role=confirmation
ed7405ed89fdfe8a,pixel_pca-chewinggum-s0,completed,pixel_pca,T0,own,chewinggum,visa,test,0,23f11d76fb6e4d34,a2d2dcd0c23061f0,4ff5a6f653d3,False,320,385,68,150,0.7242,0.8333322412454186,0.8181818181818182,0.0,0.07,7,0,50,93,0.01,0.014492753623188406,68,1,False,0.19898858368665817,conformal,>,validation,False,0.8180288684195595,0.19641775414953266,0.4832333590503162,0.10087163351915163,0.05311470003792862,0.34336347764489744,217,1986723,4.0,input_px,2,8.171214699999837,4.297360799999296,17.421717099998205,19.712664220180258,0.0,862.04296875,825.21875,881.4453125,0.0,0.0,anomaly=0.930,explained_variance_ratio=0.8772055668257892;n_components=16;oracle_f1max_threshold=0.102498,role=confirmation
d0a3254f77582452,random-chewinggum-s0,completed,random,T0,own,chewinggum,visa,test,0,ce8c53b8eb80db5f,a2d2dcd0c23061f0,4ff5a6f653d3,False,320,385,68,150,0.4236,0.6186829177974895,0.8,0.0,0.01,1,0,50,99,0.01,0.014492753623188406,68,1,False,0.9932987064371109,conformal,>,validation,False,0.49633521773081235,0.011568614741486148,0.11566302815520946,0.0027337932115701186,0.0013687675695299583,0.5622019461832659,217,1986723,4.0,input_px,2,7.485610399999132,4.170673600001464,20.046030800000153,19.131530275236074,0.0,809.5625,875.80078125,940.0546875,0.0,0.0,anomaly=0.990,oracle_f1max_threshold=-0.499876;seed=0,role=confirmation
0b4b5041c0960191,patchcore-chewinggum-s0,completed,patchcore,T3,own,chewinggum,visa,test,0,3247f8f8f18d335f,a2d2dcd0c23061f0,4ff5a6f653d3,False,320,385,68,150,0.9816,0.9924760381287996,0.9743589743589743,0.0,0.95,95,0,50,5,0.01,0.014492753623188406,68,1,False,1.2581164836883545,conformal,>,validation,False,0.9878513242548439,0.5320187491412643,0.8119845944491134,0.20213627417575206,0.11243136577722582,1.1475960803923688,217,1986723,4.0,input_px,2,25.943152900001223,10.955851699998675,18.435819599999377,50.25620045870952,962.04345703125,2001.921875,1700.66796875,1623.39453125,962.04345703125,961.99169921875,anomaly=0.050,"backbone=wide_resnet50_2;bank_capped=False;bank_effective=10000;bank_mb=19.53;bank_ratio=None;bank_requested=10000;bank_size=10000;candidate_count=52360;candidate_fraction=0.1;coreset_projection_dim=128;descriptor_dim=1024;dtype=float16;feature_grid=34x40;fit_peak_vram_mb=962.0;layers=['layer2', 'layer3'];oracle_f1max_threshold=1.25501;patch_neighbors=1;patch_pool=3;patch_reduction=nearest;patches_total=523600;projection_dim=1024;reweight=True;reweight_neighbors=9;seed=0",role=confirmation
e978f4c68cec20ac,patchcore-chewinggum-s0,completed,patchcore,T3,own,chewinggum,visa,test,0,37db250f264a0bde,a2d2dcd0c23061f0,4ff5a6f653d3,False,640,385,68,150,0.9812,0.9929159247603003,0.9693877551020408,0.0,0.94,94,0,50,6,0.01,0.014492753623188406,68,1,False,1.5507574081420898,conformal,>,validation,False,0.9914519912288249,0.6611350972369062,0.8278363335047214,0.3735707453824082,0.22968766967379875,1.3915619892393576,217,1986723,4.0,input_px,2,56.51472309999917,24.655504799999107,18.26513530000011,113.09864587155553,1422.43408203125,3041.43359375,1793.66796875,1747.453125,1422.43408203125,1173.9150390625,anomaly=0.060,"backbone=wide_resnet50_2;bank_capped=False;bank_effective=10000;bank_mb=19.53;bank_ratio=None;bank_requested=10000;bank_size=10000;candidate_count=206360;candidate_fraction=0.1;coreset_projection_dim=128;descriptor_dim=1024;dtype=float16;feature_grid=67x80;fit_peak_vram_mb=1422.4;layers=['layer2', 'layer3'];oracle_f1max_threshold=1.50227;patch_neighbors=1;patch_pool=3;patch_reduction=nearest;patches_total=2063600;projection_dim=1024;reweight=True;reweight_neighbors=9;seed=0",role=confirmation
9ef264d092ab4349,patchcore-chewinggum-s1,completed,patchcore,T3,own,chewinggum,visa,test,1,2cc217bbd8786447,a2d2dcd0c23061f0,4ff5a6f653d3,False,640,385,68,150,0.9886,0.9955384304751649,0.9847715736040609,0.0,0.92,92,0,50,8,0.01,0.014492753623188406,68,1,False,1.578214168548584,conformal,>,validation,False,0.9910562996483265,0.6603450022253773,0.8124845993058191,0.3661924743360146,0.2241344029720959,1.3903559752738022,217,1986723,4.0,input_px,2,61.99934050000047,23.403678200000286,16.758943300001192,107.35632201834993,1701.13671875,3046.72265625,1798.94140625,1733.29296875,1701.13671875,1453.8583984375,anomaly=0.080,"backbone=wide_resnet50_2;bank_capped=False;bank_effective=10000;bank_mb=19.53;bank_ratio=None;bank_requested=10000;bank_size=10000;candidate_count=206360;candidate_fraction=0.1;coreset_projection_dim=128;descriptor_dim=1024;dtype=float16;feature_grid=67x80;fit_peak_vram_mb=1701.1;layers=['layer2', 'layer3'];oracle_f1max_threshold=1.43395;patch_neighbors=1;patch_pool=3;patch_reduction=nearest;patches_total=2063600;projection_dim=1024;reweight=True;reweight_neighbors=9;seed=1",role=confirmation
41a7755ebe02be2e,patchcore-chewinggum-s2,completed,patchcore,T3,own,chewinggum,visa,test,2,7ccd13a3710ca415,a2d2dcd0c23061f0,4ff5a6f653d3,False,640,385,68,150,0.988,0.9948287298309685,0.9748743718592965,0.0,0.83,83,0,50,17,0.01,0.014492753623188406,68,1,False,1.646841049194336,conformal,>,validation,False,0.9915289631294347,0.636959027627023,0.8108478111950334,0.3723095665364367,0.22873487420098612,1.3943706681090104,217,1986723,4.0,input_px,2,52.41978190000009,23.68452250000155,16.994000400000004,108.64459862386032,1982.861328125,3024.79296875,1777.04296875,1734.57421875,1982.861328125,1733.77490234375,anomaly=0.170,"backbone=wide_resnet50_2;bank_capped=False;bank_effective=10000;bank_mb=19.53;bank_ratio=None;bank_requested=10000;bank_size=10000;candidate_count=206360;candidate_fraction=0.1;coreset_projection_dim=128;descriptor_dim=1024;dtype=float16;feature_grid=67x80;fit_peak_vram_mb=1982.9;layers=['layer2', 'layer3'];oracle_f1max_threshold=1.40896;patch_neighbors=1;patch_pool=3;patch_reduction=nearest;patches_total=2063600;projection_dim=1024;reweight=True;reweight_neighbors=9;seed=2",role=confirmation
21ffcd5131ef0919,histogram-fryum-s0,completed,histogram,T0,own,fryum,visa,test,0,b075b7d5da99c8a9,a2d2dcd0c23061f0,4ff5a6f653d3,False,320,382,68,150,0.747,0.8235208203711916,0.8347826086956521,0.08,0.2,20,4,46,80,0.01,0.014492753623188406,68,1,False,0.10272751950974485,conformal,>,validation,False,0.8595026623169454,0.011804319550888174,0.13789886084712807,0.1726862594892717,0.09450279700792183,0.10907065700424771,550,1951915,4.0,input_px,2,8.233119699998497,4.5765577999991365,12.892197000001033,20.993384403665765,0.0,816.76953125,863.89453125,946.69921875,0.0,0.0,anomaly=0.800,bins=64;oracle_f1max_threshold=0.0165782,role=confirmation
0f5c525b4ffda3af,pixel_pca-fryum-s0,completed,pixel_pca,T0,own,fryum,visa,test,0,044901a8368843d5,a2d2dcd0c23061f0,4ff5a6f653d3,False,320,382,68,150,0.8394,0.8930173677871723,0.8780487804878049,0.0,0.11,11,0,50,89,0.01,0.014492753623188406,68,1,False,0.2129995337815142,conformal,>,validation,False,0.9566425487633753,0.16821463599000405,0.6770159678605984,0.37996730916946775,0.23454298874343835,0.5009453263355718,550,1951915,4.0,input_px,2,8.011621899997408,4.351489900000161,17.849681100000453,19.960962844037432,0.0,865.8828125,826.62109375,912.015625,0.0,0.0,anomaly=0.890,explained_variance_ratio=0.7829201716827074;n_components=16;oracle_f1max_threshold=0.110876,role=confirmation
89ebff057828f024,random-fryum-s0,completed,random,T0,own,fryum,visa,test,0,bbb7a558c880f53d,a2d2dcd0c23061f0,4ff5a6f653d3,False,320,382,68,150,0.4984,0.662119891195323,0.8,0.02,0.02,2,1,49,98,0.01,0.014492753623188406,68,1,False,0.9773089483434885,conformal,>,validation,False,0.5010708834110021,0.008919363144238262,0.12814419887015602,0.001847969356156972,0.0009248392153431492,0.5623507783948053,550,1951915,4.0,input_px,2,7.29201760000069,4.118920699998853,19.746354700000666,18.894131651370884,0.0,809.046875,862.6640625,954.17578125,0.0,0.0,anomaly=0.980,oracle_f1max_threshold=-0.49268;seed=0,role=confirmation
8ce1b614bcd6fa4e,patchcore-fryum-s0,completed,patchcore,T3,own,fryum,visa,test,0,f5c5fa2337f7f7fd,a2d2dcd0c23061f0,4ff5a6f653d3,False,320,382,68,150,0.9026,0.9580819948899658,0.865979381443299,0.0,0.51,51,0,50,49,0.01,0.014492753623188406,68,1,False,1.4023123979568481,conformal,>,validation,False,0.9549632735215527,0.39959719870385946,0.8095026118289623,0.418271485150817,0.2644394921278251,1.0621026016588255,550,1951915,4.0,input_px,2,23.487357100000736,10.115530999999464,18.652727099999538,46.401518348621394,1217.23291015625,1949.74609375,1678.37890625,1658.5703125,1199.943359375,1217.23291015625,anomaly=0.490,"backbone=wide_resnet50_2;bank_capped=False;bank_effective=10000;bank_mb=19.53;bank_ratio=None;bank_requested=10000;bank_size=10000;candidate_count=41256;candidate_fraction=0.1;coreset_projection_dim=128;descriptor_dim=1024;dtype=float16;feature_grid=27x40;fit_peak_vram_mb=1199.9;layers=['layer2', 'layer3'];oracle_f1max_threshold=1.12027;patch_neighbors=1;patch_pool=3;patch_reduction=nearest;patches_total=412560;projection_dim=1024;reweight=True;reweight_neighbors=9;seed=0",role=confirmation
bd34691d79990795,patchcore-fryum-s0,completed,patchcore,T3,own,fryum,visa,test,0,eb143818b5f0b1e8,a2d2dcd0c23061f0,4ff5a6f653d3,False,640,382,68,150,0.9756,0.9893512345322742,0.9435897435897436,0.0,0.72,72,0,50,28,0.01,0.014492753623188406,68,1,False,1.5358444452285767,conformal,>,validation,False,0.9359018288783738,0.6406164219937861,0.8910406889837077,0.40897069073437353,0.2570478672848225,1.2313250965701512,550,1951915,4.0,input_px,2,42.49296359999971,19.69255509999857,15.647971399999733,90.33282155962648,2150.47998046875,2692.95703125,1713.01171875,1766.07421875,2150.47998046875,1968.97998046875,anomaly=0.280,"backbone=wide_resnet50_2;bank_capped=False;bank_effective=10000;bank_mb=19.53;bank_ratio=None;bank_requested=10000;bank_size=10000;candidate_count=165024;candidate_fraction=0.1;coreset_projection_dim=128;descriptor_dim=1024;dtype=float16;feature_grid=54x80;fit_peak_vram_mb=2150.5;layers=['layer2', 'layer3'];oracle_f1max_threshold=1.30152;patch_neighbors=1;patch_pool=3;patch_reduction=nearest;patches_total=1650240;projection_dim=1024;reweight=True;reweight_neighbors=9;seed=0",role=confirmation
0901f40d9d82352c,patchcore-fryum-s1,completed,patchcore,T3,own,fryum,visa,test,1,e90fa4aff2951044,a2d2dcd0c23061f0,4ff5a6f653d3,False,640,382,68,150,0.9752,0.988515836387054,0.945273631840796,0.0,0.7,70,0,50,30,0.01,0.014492753623188406,68,1,False,1.5441163778305054,conformal,>,validation,False,0.9357644547922033,0.6449000284248892,0.8930438720009737,0.40339662949982086,0.25265926212685247,1.2146335332869775,550,1951915,4.0,input_px,2,40.74224899999899,19.625524600000062,15.886884800000189,90.02534220183514,2428.3583984375,2695.97265625,1715.6640625,1767.6328125,2428.3583984375,2246.17529296875,anomaly=0.300,"backbone=wide_resnet50_2;bank_capped=False;bank_effective=10000;bank_mb=19.53;bank_ratio=None;bank_requested=10000;bank_size=10000;candidate_count=165024;candidate_fraction=0.1;coreset_projection_dim=128;descriptor_dim=1024;dtype=float16;feature_grid=54x80;fit_peak_vram_mb=2428.4;layers=['layer2', 'layer3'];oracle_f1max_threshold=1.27701;patch_neighbors=1;patch_pool=3;patch_reduction=nearest;patches_total=1650240;projection_dim=1024;reweight=True;reweight_neighbors=9;seed=1",role=confirmation
685eedfad25830f8,patchcore-fryum-s2,completed,patchcore,T3,own,fryum,visa,test,2,d2d09a8a8f2b118f,a2d2dcd0c23061f0,4ff5a6f653d3,False,640,382,68,150,0.976,0.9891065316638039,0.9463414634146341,0.0,0.55,55,0,50,45,0.01,0.014492753623188406,68,1,False,1.6784905195236206,conformal,>,validation,False,0.9323631197017804,0.6413615356548231,0.8864337761082283,0.40211322216100376,0.25165313821848323,1.2230708266372883,550,1951915,4.0,input_px,2,44.97008160000041,21.048745099998996,21.98784820000037,96.55387660549998,2703.82080078125,2719.22265625,1739.19921875,1781.57421875,2703.82080078125,2523.2626953125,anomaly=0.450,"backbone=wide_resnet50_2;bank_capped=False;bank_effective=10000;bank_mb=19.53;bank_ratio=None;bank_requested=10000;bank_size=10000;candidate_count=165024;candidate_fraction=0.1;coreset_projection_dim=128;descriptor_dim=1024;dtype=float16;feature_grid=54x80;fit_peak_vram_mb=2703.8;layers=['layer2', 'layer3'];oracle_f1max_threshold=1.26057;patch_neighbors=1;patch_pool=3;patch_reduction=nearest;patches_total=1650240;projection_dim=1024;reweight=True;reweight_neighbors=9;seed=2",role=confirmation
f359ccd0b776d0f7,histogram-macaroni1-s0,completed,histogram,T0,own,macaroni1,visa,test,0,263632535778ff08,a2d2dcd0c23061f0,4ff5a6f653d3,False,320,765,135,200,0.796,0.7218926970523947,0.7698744769874477,0.03,0.0,0,3,97,100,0.01,0.007352941176470588,135,1,True,0.17260492672868197,conformal,>,validation,False,0.6167041747329093,0.007432851873657965,0.2936178827192406,0.00031344025865116646,0.0001567446943743567,0.12240901075835538,404,1996409,4.0,input_px,2,16.136428299996624,6.924943099998927,17.392602500000066,20.671471940295305,0.0,817.10546875,896.0390625,945.5,0.0,0.0,anomaly=1.000,bins=64;oracle_f1max_threshold=0.0304918,role=confirmation
ef6c7203daea086e,pixel_pca-macaroni1-s0,completed,pixel_pca,T0,own,macaroni1,visa,test,0,3a0481d659f1c435,a2d2dcd0c23061f0,4ff5a6f653d3,False,320,765,135,200,0.7077,0.6865306587444773,0.7125506072874493,0.01,0.0,0,1,99,100,0.01,0.007352941176470588,135,1,True,0.13134319066999622,conformal,>,validation,False,0.90301849008572,0.099226340367063,0.5531920257117353,0.006317980416648127,0.0031690010516162883,0.3274254651233074,404,1996409,4.0,input_px,2,15.716339299997344,6.284543500001746,23.50229970000146,18.759831343288795,0.0,940.46875,836.1953125,887.390625,0.0,0.0,anomaly=1.000,explained_variance_ratio=0.7283082073212863;n_components=16;oracle_f1max_threshold=0.0650405,role=confirmation
e9e0c107e2dab0b1,random-macaroni1-s0,completed,random,T0,own,macaroni1,visa,test,0,1823c9cf4476ba4e,a2d2dcd0c23061f0,4ff5a6f653d3,False,320,765,135,200,0.4734,0.4805269879303761,0.6666666666666666,0.02,0.02,2,2,98,98,0.01,0.007352941176470588,135,1,True,0.9896999089901832,conformal,>,validation,False,0.5082315054375244,0.008927687614322112,0.10612281325873325,0.00011924534730207401,5.962622872621339e-05,0.5624586857603819,404,1996409,4.0,input_px,2,14.44306030000007,6.266301300001942,26.53987369999959,18.70537701493117,0.0,810.94921875,898.5,948.83203125,0.0,0.0,anomaly=0.980,oracle_f1max_threshold=-0.49268;seed=0,role=confirmation
6b71ede30d0791d8,patchcore-macaroni1-s0,completed,patchcore,T3,own,macaroni1,visa,test,0,83f46dc69c1bf286,a2d2dcd0c23061f0,4ff5a6f653d3,False,320,765,135,200,0.9008,0.884582170113568,0.8446601941747572,0.0,0.08,8,0,100,92,0.01,0.007352941176470588,135,1,True,1.4473958015441895,conformal,>,validation,False,0.9874341081097142,0.7176728617618641,0.9262464360138117,0.0328416067075139,0.016694947808725262,0.9883978526647079,404,1996409,4.0,input_px,2,43.0014014999997,15.327959800000826,24.653526399997645,45.755103880599485,1483.84814453125,2169.12890625,1698.9453125,1631.93359375,1466.60888671875,1483.84814453125,anomaly=0.920,"backbone=wide_resnet50_2;bank_capped=False;bank_effective=10000;bank_mb=19.53;bank_ratio=None;bank_requested=10000;bank_size=10000;candidate_count=82620;candidate_fraction=0.1;coreset_projection_dim=128;descriptor_dim=1024;dtype=float16;feature_grid=27x40;fit_peak_vram_mb=1466.6;layers=['layer2', 'layer3'];oracle_f1max_threshold=1.03154;patch_neighbors=1;patch_pool=3;patch_reduction=nearest;patches_total=826200;projection_dim=1024;reweight=True;reweight_neighbors=9;seed=0",role=confirmation
a34fa7707a18db42,patchcore-macaroni1-s0,completed,patchcore,T3,own,macaroni1,visa,test,0,e75994c21a42700f,a2d2dcd0c23061f0,4ff5a6f653d3,False,640,765,135,200,0.9803,0.9784284446205098,0.9405940594059405,0.0,0.49,49,0,100,51,0.01,0.007352941176470588,135,1,True,1.4820396900177002,conformal,>,validation,False,0.9973550686016028,0.9112108712752085,0.9738870597068299,0.06822335566837985,0.03531637876902927,1.0855126112965996,404,1996409,4.0,input_px,2,99.58267969999906,32.41329070000029,30.282537799999773,96.75609164179191,2981.251953125,3862.34765625,1794.41796875,1753.67578125,2981.251953125,2800.8671875,anomaly=0.510,"backbone=wide_resnet50_2;bank_capped=False;bank_effective=10000;bank_mb=19.53;bank_ratio=None;bank_requested=10000;bank_size=10000;candidate_count=330480;candidate_fraction=0.1;coreset_projection_dim=128;descriptor_dim=1024;dtype=float16;feature_grid=54x80;fit_peak_vram_mb=2981.3;layers=['layer2', 'layer3'];oracle_f1max_threshold=1.25409;patch_neighbors=1;patch_pool=3;patch_reduction=nearest;patches_total=3304800;projection_dim=1024;reweight=True;reweight_neighbors=9;seed=0",role=confirmation
598cb1dee91bb8c8,patchcore-macaroni1-s1,completed,patchcore,T3,own,macaroni1,visa,test,1,735a19d968a8f627,a2d2dcd0c23061f0,4ff5a6f653d3,False,640,765,135,200,0.9765,0.9737612873406858,0.9353233830845771,0.0,0.47,47,0,100,53,0.01,0.007352941176470588,135,1,True,1.4979277849197388,conformal,>,validation,False,0.9967159700087924,0.9088088255555752,0.9705448233467322,0.07093713741294101,0.036772849028780474,1.0884007671717724,404,1996409,4.0,input_px,2,97.24787670000114,32.29432790000101,29.371976200000063,96.40097880597315,3257.90185546875,3836.8515625,1768.0859375,1752.78515625,3257.90185546875,3078.26708984375,anomaly=0.530,"backbone=wide_resnet50_2;bank_capped=False;bank_effective=10000;bank_mb=19.53;bank_ratio=None;bank_requested=10000;bank_size=10000;candidate_count=330480;candidate_fraction=0.1;coreset_projection_dim=128;descriptor_dim=1024;dtype=float16;feature_grid=54x80;fit_peak_vram_mb=3257.9;layers=['layer2', 'layer3'];oracle_f1max_threshold=1.23768;patch_neighbors=1;patch_pool=3;patch_reduction=nearest;patches_total=3304800;projection_dim=1024;reweight=True;reweight_neighbors=9;seed=1",role=confirmation
ee7a2de0c8aee4ab,patchcore-macaroni1-s2,completed,patchcore,T3,own,macaroni1,visa,test,2,748d635f7c46cf7d,a2d2dcd0c23061f0,4ff5a6f653d3,False,640,765,135,200,0.9753,0.972675976090781,0.9223300970873787,0.0,0.4,40,0,100,60,0.01,0.007352941176470588,135,1,True,1.5216708183288574,conformal,>,validation,False,0.9970792581411312,0.9064746285922173,0.9741520581609583,0.06507142857142856,0.033629886669866,1.0818030848002953,404,1996409,4.0,input_px,2,99.29594370000086,32.298744600000646,29.0681569999997,96.41416298507656,1019.9970703125,3871.375,1802.7421875,1748.81640625,1019.9970703125,838.31396484375,anomaly=0.600,"backbone=wide_resnet50_2;bank_capped=False;bank_effective=10000;bank_mb=19.53;bank_ratio=None;bank_requested=10000;bank_size=10000;candidate_count=330480;candidate_fraction=0.1;coreset_projection_dim=128;descriptor_dim=1024;dtype=float16;feature_grid=54x80;fit_peak_vram_mb=1020.0;layers=['layer2', 'layer3'];oracle_f1max_threshold=1.23212;patch_neighbors=1;patch_pool=3;patch_reduction=nearest;patches_total=3304800;projection_dim=1024;reweight=True;reweight_neighbors=9;seed=2",role=confirmation
18c23d8b13a75b1e,histogram-macaroni2-s0,completed,histogram,T0,own,macaroni2,visa,test,0,68c21fffd1a37fc2,b76d4f8dd1b63d04,c53e7f67e6c4,False,320,765,135,200,0.4519,0.45069956704874725,0.6712328767123288,0.01,0.0,0,1,99,100,0.01,0.007352941176470588,135,1,True,0.06002701584707286,conformal,>,validation,False,0.5116642627019569,0.011876372145211322,0.09876574620708294,0.0,0.0,0.0452635350327201,378,1996584,4.0,input_px,2,16.942887499997596,7.098042700003134,18.418509899998753,21.18818716418846,0.0,nan,nan,nan,nan,nan,anomaly=1.000,bins=64;oracle_f1max_threshold=0.00301435,role=development
1d828ae07f691e1e,mean_intensity-macaroni2-s0,completed,mean_intensity,T0,own,macaroni2,visa,test,0,edc8a5e18450a60f,b76d4f8dd1b63d04,c53e7f67e6c4,False,320,765,135,200,0.3916,0.41956423903857376,0.6688963210702341,0.01,0.0,0,1,99,100,0.01,0.007352941176470588,135,1,True,2.7970591303987273,conformal,>,validation,False,0.46230502729719475,0.004204790247350941,0.12958436075714105,0.0,0.0,2.5030353971394006,378,1996584,4.0,input_px,2,14.92629709999892,6.4056410000011965,19.22033569999985,19.12131641791402,0.0,nan,nan,nan,nan,nan,anomaly=1.000,oracle_f1max_threshold=0.00273361;train_mean=-0.46768742694574245;train_std=0.03517043969329975,role=development
b2eaad73d164c132,pixel_pca-macaroni2-s0,completed,pixel_pca,T0,own,macaroni2,visa,test,0,0966b8bcddff9325,b76d4f8dd1b63d04,c53e7f67e6c4,False,320,765,135,200,0.7345,0.7082371948386829,0.7346938775510204,0.0,0.04,4,0,100,96,0.01,0.007352941176470588,135,1,True,0.3370317785836309,conformal,>,validation,False,0.900092717680247,0.19199324567597342,0.6220030349773422,0.006188448327853901,0.0031038281038465484,1.135210848087015,378,1996584,4.0,input_px,2,16.2517334999975,6.556316900001548,29.144601899999543,19.571095223885216,0.0,nan,nan,nan,nan,nan,anomaly=0.960,explained_variance_ratio=0.4797935467547931;n_components=16;oracle_f1max_threshold=0.243858,role=development
9a585a370ff9aba1,random-macaroni2-s0,completed,random,T0,own,macaroni2,visa,test,0,ee02cf77a6eee12f,b76d4f8dd1b63d04,c53e7f67e6c4,False,320,765,135,200,0.4734,0.4805269879303761,0.6666666666666666,0.02,0.02,2,2,98,98,0.01,0.007352941176470588,135,1,True,0.9896999089901832,conformal,>,validation,False,0.50722753934965,0.0535431878515347,0.17989972214956937,0.001559232263733,0.0007802244074009858,0.5624586857603819,378,1996584,4.0,input_px,2,15.844919699997263,6.483487800000148,29.297448500001337,19.353694925373578,0.0,nan,nan,nan,nan,nan,anomaly=0.980,oracle_f1max_threshold=-0.49268;seed=0,role=development
8ed0ab2f23772938,random-macaroni2-s1,completed,random,T0,own,macaroni2,visa,test,1,193f53a5b9d43165,b76d4f8dd1b63d04,c53e7f67e6c4,False,320,765,135,200,0.4707,0.4964239206905017,0.6666666666666666,0.0,0.01,1,0,100,99,0.01,0.007352941176470588,135,1,True,0.9970306756567334,conformal,>,validation,False,0.45342532842894673,0.02620519591341016,0.19132504116436155,0.0,0.0,0.5623416662942339,378,1996584,4.0,input_px,2,14.833370399999694,6.471196900001814,30.1626494000011,19.317005671647205,0.0,nan,nan,nan,nan,nan,anomaly=0.990,oracle_f1max_threshold=-0.496661;seed=1,role=development
ca2874ae5d0264ed,random-macaroni2-s2,completed,random,T0,own,macaroni2,visa,test,2,ee7e989928c553ce,b76d4f8dd1b63d04,c53e7f67e6c4,False,320,765,135,200,0.5501,0.5347092395051434,0.6688963210702341,0.0,0.0,0,0,100,100,0.01,0.007352941176470588,135,1,True,0.9951490950485782,conformal,>,validation,False,0.5183493639557073,0.023631370318192076,0.13973524268972415,7.106373528758606e-06,3.553199389560345e-06,0.5630223176202,378,1996584,4.0,input_px,2,15.112568500000634,6.604594799999177,27.724862200000643,19.715208358206496,0.0,nan,nan,nan,nan,nan,anomaly=1.000,oracle_f1max_threshold=0.0123428;seed=2,role=development
87cc2d3892e5f569,cae_l2-macaroni2-s0,completed,cae_l2,T1,own,macaroni2,visa,test,0,53c08e4a06dca92a,b76d4f8dd1b63d04,c53e7f67e6c4,False,320,765,135,200,0.6161,0.644341526983242,0.6804123711340206,0.0,0.0,0,0,100,100,0.01,0.007352941176470588,135,1,True,2.7172915935516357,conformal,>,validation,False,0.97515681248443,0.3368250656912978,0.7735730071459676,0.015718028595374724,0.007921267653431487,0.04497319882464785,378,1996584,4.0,input_px,2,149.57146700000158,12.033744399999705,18.994821099997353,35.921625074625986,681.50634765625,nan,nan,nan,nan,nan,anomaly=1.000,base_channels=32;batch_size=16;best_val_loss=0.007764;depth=4;early_stopping_patience=12;epochs=60;epochs_run=60;latent_dim=128;loss=l2;lr=0.0002;n_holdout=76;n_train=689;oracle_f1max_threshold=0.407746;parameters=1972163;peak_vram_mb=681.5;residual=multiscale;score_map=l2;seed=0;val_fraction=0.1,role=development
2cc0b6b22a1f4bcb,cae_l2-macaroni2-s1,completed,cae_l2,T1,own,macaroni2,visa,test,1,a5cb60cd0ade2250,b76d4f8dd1b63d04,c53e7f67e6c4,False,320,765,135,200,0.6062,0.6360996711934286,0.6783216783216783,0.0,0.02,2,0,100,98,0.01,0.007352941176470588,135,1,True,2.2854063510894775,conformal,>,validation,False,0.9732386293282967,0.30601560481994294,0.764427632341093,0.015161118628463649,0.007638463137112277,0.04826376077809648,378,1996584,4.0,input_px,2,148.51169610000215,9.995759600002202,19.823898099999496,29.83808835821553,681.50634765625,nan,nan,nan,nan,nan,anomaly=0.980,base_channels=32;batch_size=16;best_val_loss=0.008246;depth=4;early_stopping_patience=12;epochs=60;epochs_run=60;latent_dim=128;loss=l2;lr=0.0002;n_holdout=76;n_train=689;oracle_f1max_threshold=0.429442;parameters=1972163;peak_vram_mb=681.5;residual=multiscale;score_map=l2;seed=1;val_fraction=0.1,role=development
39fb6d267e58ed2b,cae_l2-macaroni2-s2,completed,cae_l2,T1,own,macaroni2,visa,test,2,e25ceca9de3f59f3,b76d4f8dd1b63d04,c53e7f67e6c4,False,320,765,135,200,0.6285,0.6510633158341368,0.6771653543307087,0.0,0.0,0,0,100,100,0.01,0.007352941176470588,135,1,True,2.742630958557129,conformal,>,validation,False,0.9741765278756769,0.3250784734403031,0.7697949038604031,0.01586063958878352,0.007993712490788136,0.050012219857204936,378,1996584,4.0,input_px,2,148.75557470000058,10.830518400001893,17.917468700001336,32.32990567164744,681.50634765625,nan,nan,nan,nan,nan,anomaly=1.000,base_channels=32;batch_size=16;best_val_loss=0.008694;depth=4;early_stopping_patience=12;epochs=60;epochs_run=60;latent_dim=128;loss=l2;lr=0.0002;n_holdout=76;n_train=689;oracle_f1max_threshold=0.468536;parameters=1972163;peak_vram_mb=681.5;residual=multiscale;score_map=l2;seed=2;val_fraction=0.1,role=development
5ec9d7d207553609,cae_ssim-macaroni2-s0,completed,cae_ssim,T1,own,macaroni2,visa,test,0,e02b6da11016f62d,b76d4f8dd1b63d04,c53e7f67e6c4,False,320,765,135,200,0.6078,0.6013598998382585,0.6857142857142857,0.0,0.0,0,0,100,100,0.01,0.007352941176470588,135,1,True,1.1817606687545776,conformal,>,validation,False,0.9922174766685031,0.6554619026384119,0.9299219807278316,0.03565057725587821,0.018148796157699734,0.2743519187588049,378,1996584,4.0,input_px,2,219.97962809999808,9.538517799999681,26.555681800000457,28.473187462685615,882.4794921875,nan,nan,nan,nan,nan,anomaly=1.000,base_channels=32;batch_size=16;best_val_loss=0.077901;depth=4;early_stopping_patience=12;epochs=60;epochs_run=60;latent_dim=128;loss=ssim;lr=0.0002;n_holdout=76;n_train=689;oracle_f1max_threshold=0.634106;parameters=1972163;peak_vram_mb=882.5;residual=multiscale;score_map=ssim;seed=0;val_fraction=0.1,role=development
edd49bb2496ee8c3,cae_ssim-macaroni2-s1,completed,cae_ssim,T1,own,macaroni2,visa,test,1,f4fe0aeb55d3f5ab,b76d4f8dd1b63d04,c53e7f67e6c4,False,320,765,135,200,0.5716,0.5513769698665567,0.6666666666666666,0.0,0.0,0,0,100,100,0.01,0.007352941176470588,135,1,True,1.1239023208618164,conformal,>,validation,False,0.991306701136612,0.6028796182717228,0.9079822573999127,0.03844837749936307,0.019601002114004056,0.2832405196885155,378,1996584,4.0,input_px,2,219.9012576999994,9.506743399997504,26.762006400000246,28.378338507455236,882.4794921875,nan,nan,nan,nan,nan,anomaly=1.000,base_channels=32;batch_size=16;best_val_loss=0.080921;depth=4;early_stopping_patience=12;epochs=60;epochs_run=60;latent_dim=128;loss=ssim;lr=0.0002;n_holdout=76;n_train=689;oracle_f1max_threshold=0.167091;parameters=1972163;peak_vram_mb=882.5;residual=multiscale;score_map=ssim;seed=1;val_fraction=0.1,role=development
f12756ec7f9658f9,cae_ssim-macaroni2-s2,completed,cae_ssim,T1,own,macaroni2,visa,test,2,9aed2710ba64524a,b76d4f8dd1b63d04,c53e7f67e6c4,False,320,765,135,200,0.6449,0.6311941424851197,0.6920152091254753,0.0,0.0,0,0,100,100,0.01,0.007352941176470588,135,1,True,1.1026368141174316,conformal,>,validation,False,0.991778023978011,0.6551092141994138,0.9257843733724499,0.0324327416166784,0.016483676214111835,0.26588511321975444,378,1996584,4.0,input_px,2,219.68882820000363,9.684803600001032,26.92977690000407,28.909861492540397,882.4794921875,nan,nan,nan,nan,nan,anomaly=1.000,base_channels=32;batch_size=16;best_val_loss=0.081936;depth=4;early_stopping_patience=12;epochs=60;epochs_run=60;latent_dim=128;loss=ssim;lr=0.0002;n_holdout=76;n_train=689;oracle_f1max_threshold=0.666416;parameters=1972163;peak_vram_mb=882.5;residual=multiscale;score_map=ssim;seed=2;val_fraction=0.1,role=development
449284adfabf9a8b,patchcore-macaroni2-s0,completed,patchcore,T3,own,macaroni2,visa,test,0,220647210a7e5387,e76083ff53054fe1,469e9b3e2494,False,448,765,135,200,0.7674,0.7804895324937796,0.743801652892562,0.04,0.23,23,4,96,77,0.01,0.007352941176470588,135,1,True,1.5228360891342163,conformal,>,validation,False,0.982632154375657,0.7665477812007895,0.9276700319758229,0.04370526949868782,0.022340840987435506,1.2139514855669935,378,1996584,4.0,input_px,2,84.49053979999962,25.430282700000134,30.467814699999963,75.91129164179145,832.6904296875,2691.6171875,1732.43359375,1708.359375,778.1435546875,832.6904296875,anomaly=0.770,"backbone=wide_resnet50_2;bank_capped=False;bank_effective=16279;bank_mb=31.79;bank_ratio=0.01;bank_requested=16279;bank_size=None;candidate_count=162945;candidate_fraction=0.1;coreset_projection_dim=128;descriptor_dim=1024;dtype=float16;feature_grid=38x56;fit_peak_vram_mb=778.1;layers=['layer2', 'layer3'];oracle_f1max_threshold=1.22936;patch_neighbors=1;patch_pool=3;patch_reduction=nearest;patches_total=1627920;projection_dim=1024;reweight=True;reweight_neighbors=9;seed=0",role=development
4a53b63fbdd48837,patchcore-macaroni2-s0,completed,patchcore,T3,own,macaroni2,visa,test,0,72088b083f8d0c6b,e76083ff53054fe1,469e9b3e2494,False,640,765,135,200,0.8899,0.8829776806667035,0.8349514563106796,0.02,0.36,36,2,98,64,0.01,0.007352941176470588,135,1,True,1.603318691253662,conformal,>,validation,False,0.9933563927987824,0.8801298458944735,0.965018627407117,0.0502895242208774,0.025793329238168676,1.156391081015196,378,1996584,4.0,input_px,2,209.3101931000001,57.3627118000004,30.271361900000556,171.23197552238923,1397.744140625,3956.87109375,1945.67578125,1885.3359375,1022.8623046875,1397.744140625,anomaly=0.640,"backbone=wide_resnet50_2;bank_capped=False;bank_effective=33048;bank_mb=64.55;bank_ratio=0.01;bank_requested=33048;bank_size=None;candidate_count=330480;candidate_fraction=0.1;coreset_projection_dim=128;descriptor_dim=1024;dtype=float16;feature_grid=54x80;fit_peak_vram_mb=1022.9;layers=['layer2', 'layer3'];oracle_f1max_threshold=1.31755;patch_neighbors=1;patch_pool=3;patch_reduction=nearest;patches_total=3304800;projection_dim=1024;reweight=True;reweight_neighbors=9;seed=0",role=development
88ed094c86f2a177,patchcore-macaroni2-s0,completed,patchcore,T3,own,macaroni2,visa,test,0,5dce1f1501f49714,e76083ff53054fe1,469e9b3e2494,False,320,765,135,200,0.6842,0.6745211293340768,0.6991869918699187,0.0,0.05,5,0,100,95,0.01,0.007352941176470588,135,1,True,1.5862210988998413,conformal,>,validation,False,0.9611109478449669,0.6509352806661142,0.902561213172437,0.040543529764065,0.020691212272341636,1.2921817600105778,378,1996584,4.0,input_px,2,45.37806300000011,16.619813899999826,29.198291400000016,49.61138477611888,678.19873046875,2143.73828125,1653.61328125,1582.27734375,660.9716796875,678.19873046875,anomaly=0.950,"backbone=wide_resnet50_2;bank_capped=False;bank_effective=10000;bank_mb=19.53;bank_ratio=None;bank_requested=10000;bank_size=10000;candidate_count=82620;candidate_fraction=0.1;coreset_projection_dim=128;descriptor_dim=1024;dtype=float16;feature_grid=27x40;fit_peak_vram_mb=661.0;layers=['layer2', 'layer3'];oracle_f1max_threshold=1.23032;patch_neighbors=1;patch_pool=3;patch_reduction=nearest;patches_total=826200;projection_dim=1024;reweight=True;reweight_neighbors=9;seed=0",role=development
b8ecdf7d5c1f03f1,patchcore-macaroni2-s0,completed,patchcore,T3,own,macaroni2,visa,test,0,93e43a9b3d0a832e,e76083ff53054fe1,469e9b3e2494,False,640,765,135,200,0.8866,0.8801967204852658,0.8365384615384616,0.02,0.47,47,2,98,53,0.01,0.007352941176470588,135,1,True,1.6010875701904297,conformal,>,validation,False,0.9916358435108459,0.8818486916372106,0.9645493831573648,0.0741643977986128,0.0385102434049079,1.2699620778482492,378,1996584,4.0,input_px,2,98.85350269999981,32.09905139999955,30.807320199999594,95.81806388059567,1023.4970703125,3945.05859375,1882.9921875,1849.875,1023.4970703125,841.9248046875,anomaly=0.530,"backbone=wide_resnet50_2;bank_capped=False;bank_effective=10000;bank_mb=19.53;bank_ratio=None;bank_requested=10000;bank_size=10000;candidate_count=330480;candidate_fraction=0.1;coreset_projection_dim=128;descriptor_dim=1024;dtype=float16;feature_grid=54x80;fit_peak_vram_mb=1023.5;layers=['layer2', 'layer3'];oracle_f1max_threshold=1.36165;patch_neighbors=1;patch_pool=3;patch_reduction=nearest;patches_total=3304800;projection_dim=1024;reweight=True;reweight_neighbors=9;seed=0",role=development
ccb0328d2ade2424,patchcore-macaroni2-s0,completed,patchcore,T3,own,macaroni2,visa,test,0,b125a547e3842e78,e76083ff53054fe1,469e9b3e2494,False,320,765,135,200,0.7021,0.6918645244044628,0.7063492063492064,0.0,0.03,3,0,100,97,0.01,0.007352941176470588,135,1,True,1.6266834735870361,conformal,>,validation,False,0.9600776493456447,0.6614944863724456,0.8985040723098167,0.04247815622011935,0.021699965369528687,1.3083432961947163,378,1996584,4.0,input_px,2,44.01677530000006,16.40100100000018,30.165786599999592,48.95821194029904,660.6591796875,2148.26953125,1653.859375,1582.7421875,660.6591796875,654.84765625,anomaly=0.970,"backbone=wide_resnet50_2;bank_capped=False;bank_effective=8262;bank_mb=16.14;bank_ratio=0.01;bank_requested=8262;bank_size=None;candidate_count=82620;candidate_fraction=0.1;coreset_projection_dim=128;descriptor_dim=1024;dtype=float16;feature_grid=27x40;fit_peak_vram_mb=660.7;layers=['layer2', 'layer3'];oracle_f1max_threshold=1.23043;patch_neighbors=1;patch_pool=3;patch_reduction=nearest;patches_total=826200;projection_dim=1024;reweight=True;reweight_neighbors=9;seed=0",role=development
e48416de644942e3,patchcore-macaroni2-s0,completed,patchcore,T3,own,macaroni2,visa,test,0,17fb5804e053b387,e76083ff53054fe1,469e9b3e2494,False,448,765,135,200,0.7567,0.7793843132422849,0.7309236947791165,0.02,0.21,21,2,98,79,0.01,0.007352941176470588,135,1,True,1.584436297416687,conformal,>,validation,False,0.9774928923812232,0.7732513093627474,0.9226759638525003,0.05567135278726826,0.02863268659188622,1.267498000627132,378,1996584,4.0,input_px,2,59.198422200000095,21.73972270000013,34.34934109999995,64.89469462686606,778.2060546875,2680.0625,1682.90234375,1678.765625,778.2060546875,732.67578125,anomaly=0.790,"backbone=wide_resnet50_2;bank_capped=False;bank_effective=10000;bank_mb=19.53;bank_ratio=None;bank_requested=10000;bank_size=10000;candidate_count=162945;candidate_fraction=0.1;coreset_projection_dim=128;descriptor_dim=1024;dtype=float16;feature_grid=38x56;fit_peak_vram_mb=778.2;layers=['layer2', 'layer3'];oracle_f1max_threshold=1.24482;patch_neighbors=1;patch_pool=3;patch_reduction=nearest;patches_total=1627920;projection_dim=1024;reweight=True;reweight_neighbors=9;seed=0",role=development
eb10535f0f1db1a0,patchcore-macaroni2-s0,completed,patchcore,T3,own,macaroni2,visa,test,0,b125a547e3842e78,b76d4f8dd1b63d04,c53e7f67e6c4,False,320,765,135,200,0.7021,0.6918645244044628,0.7063492063492064,0.0,0.03,3,0,100,97,0.01,0.007352941176470588,135,1,True,1.6266834735870361,conformal,>,validation,False,0.9600776493456447,0.6614944863724456,0.8985040723098167,0.04247815622011935,0.021699965369528687,1.3083432961947163,378,1996584,4.0,input_px,2,45.336493700000574,13.653336999999738,20.968222600000445,40.756229850745484,931.40283203125,nan,nan,nan,nan,nan,anomaly=0.970,"backbone=wide_resnet50_2;bank_capped=False;bank_effective=8262;bank_mb=16.14;bank_ratio=0.01;bank_requested=8262;bank_size=None;candidate_count=82620;candidate_fraction=0.1;coreset_projection_dim=128;descriptor_dim=1024;dtype=float16;feature_grid=27x40;fit_peak_vram_mb=931.4;layers=['layer2', 'layer3'];oracle_f1max_threshold=1.23043;patch_neighbors=1;patch_pool=3;patch_reduction=nearest;patches_total=826200;projection_dim=1024;reweight=True;reweight_neighbors=9;seed=0",role=development
7f43a438d1ba9a93,patchcore-macaroni2-s1,completed,patchcore,T3,own,macaroni2,visa,test,1,5c13ff7cd2a1031c,e76083ff53054fe1,469e9b3e2494,False,640,765,135,200,0.8793,0.8796149629923062,0.832579185520362,0.01,0.23,23,1,99,77,0.01,0.007352941176470588,135,1,True,1.7110822200775146,conformal,>,validation,False,0.9917064615400201,0.8708851739502372,0.9578084400716657,0.1053734162235881,0.055616983909069544,1.3055023864949808,378,1996584,4.0,input_px,2,107.30717820000064,32.956697099999474,33.907469099999616,98.37820029850589,1300.43212890625,3830.0703125,1758.87109375,1748.15234375,1300.43212890625,1119.9990234375,anomaly=0.770,"backbone=wide_resnet50_2;bank_capped=False;bank_effective=10000;bank_mb=19.53;bank_ratio=None;bank_requested=10000;bank_size=10000;candidate_count=330480;candidate_fraction=0.1;coreset_projection_dim=128;descriptor_dim=1024;dtype=float16;feature_grid=54x80;fit_peak_vram_mb=1300.4;layers=['layer2', 'layer3'];oracle_f1max_threshold=1.34012;patch_neighbors=1;patch_pool=3;patch_reduction=nearest;patches_total=3304800;projection_dim=1024;reweight=True;reweight_neighbors=9;seed=1",role=development
a0f46ff01d5d281a,patchcore-macaroni2-s1,completed,patchcore,T3,own,macaroni2,visa,test,1,366813723fa6f6bc,b76d4f8dd1b63d04,c53e7f67e6c4,False,320,765,135,200,0.7211,0.7210694113923909,0.7075812274368231,0.0,0.09,9,0,100,91,0.01,0.007352941176470588,135,1,True,1.5670714378356934,conformal,>,validation,False,0.9671765009571852,0.6432499641238526,0.9032199697404683,0.04999512752593485,0.025638462873430478,1.3271887104176292,378,1996584,4.0,input_px,2,39.66618919999746,15.01817089999895,25.20858589999989,44.830360895519256,1198.427734375,nan,nan,nan,nan,nan,anomaly=0.910,"backbone=wide_resnet50_2;bank_capped=False;bank_effective=8262;bank_mb=16.14;bank_ratio=0.01;bank_requested=8262;bank_size=None;candidate_count=82620;candidate_fraction=0.1;coreset_projection_dim=128;descriptor_dim=1024;dtype=float16;feature_grid=27x40;fit_peak_vram_mb=1198.4;layers=['layer2', 'layer3'];oracle_f1max_threshold=1.192;patch_neighbors=1;patch_pool=3;patch_reduction=nearest;patches_total=826200;projection_dim=1024;reweight=True;reweight_neighbors=9;seed=1",role=development
0e11e88dddb86965,patchcore-macaroni2-s2,completed,patchcore,T3,own,macaroni2,visa,test,2,9141d1af2ccca0c8,e76083ff53054fe1,469e9b3e2494,False,640,765,135,200,0.8876,0.8918226915373346,0.819047619047619,0.02,0.46,46,2,98,54,0.01,0.007352941176470588,135,1,True,1.6052411794662476,conformal,>,validation,False,0.991083132301693,0.8690949098392482,0.9573331496137146,0.07136455059115895,0.037002612708914674,1.2723047699347003,378,1996584,4.0,input_px,2,104.2290008,32.0661270999999,30.54634940000051,95.71978238805941,1016.10791015625,3816.3828125,1745.484375,1729.6171875,1016.10791015625,837.4248046875,anomaly=0.540,"backbone=wide_resnet50_2;bank_capped=False;bank_effective=10000;bank_mb=19.53;bank_ratio=None;bank_requested=10000;bank_size=10000;candidate_count=330480;candidate_fraction=0.1;coreset_projection_dim=128;descriptor_dim=1024;dtype=float16;feature_grid=54x80;fit_peak_vram_mb=1016.1;layers=['layer2', 'layer3'];oracle_f1max_threshold=1.37073;patch_neighbors=1;patch_pool=3;patch_reduction=nearest;patches_total=3304800;projection_dim=1024;reweight=True;reweight_neighbors=9;seed=2",role=development
ce0f8a576b3d001c,patchcore-macaroni2-s2,completed,patchcore,T3,own,macaroni2,visa,test,2,e0c148876029bc54,b76d4f8dd1b63d04,c53e7f67e6c4,False,320,765,135,200,0.7005,0.6994783532987942,0.7022900763358778,0.0,0.05,5,0,100,95,0.01,0.007352941176470588,135,1,True,1.5912798643112183,conformal,>,validation,False,0.9635014495200789,0.6315793136950939,0.8998805018005601,0.0364825817735329,0.018580218048936645,1.3006346050513007,378,1996584,4.0,input_px,2,40.663479499999085,16.15071049999824,28.35327909999978,48.21107611939773,658.0810546875,nan,nan,nan,nan,nan,anomaly=0.950,"backbone=wide_resnet50_2;bank_capped=False;bank_effective=8262;bank_mb=16.14;bank_ratio=0.01;bank_requested=8262;bank_size=None;candidate_count=82620;candidate_fraction=0.1;coreset_projection_dim=128;descriptor_dim=1024;dtype=float16;feature_grid=27x40;fit_peak_vram_mb=658.1;layers=['layer2', 'layer3'];oracle_f1max_threshold=1.21483;patch_neighbors=1;patch_pool=3;patch_reduction=nearest;patches_total=826200;projection_dim=1024;reweight=True;reweight_neighbors=9;seed=2",role=development
6c6d0ef294e804cd,histogram-pcb1-s0,completed,histogram,T0,own,pcb1,visa,test,0,7ee4b734f4b96086,b76d4f8dd1b63d04,c53e7f67e6c4,False,320,768,136,200,0.8291,0.8681715816949798,0.7783783783783784,0.0,0.12,12,0,100,88,0.01,0.0072992700729927005,136,1,True,0.05816568300035103,conformal,>,validation,False,0.7310967563015249,0.03743899242670344,0.2801284273120832,0.028687241946588126,0.014552354429499845,0.03539312597872156,304,1987843,4.0,input_px,2,20.782016499997553,8.137741799997457,20.47265449999759,24.219469642849575,0.0,nan,nan,nan,nan,nan,anomaly=0.880,bins=64;oracle_f1max_threshold=0.0118175,role=development
c65cecf239ee349b,mean_intensity-pcb1-s0,completed,mean_intensity,T0,own,pcb1,visa,test,0,ad43fef290933141,b76d4f8dd1b63d04,c53e7f67e6c4,False,320,768,136,200,0.8009,0.8461323432280069,0.7476635514018691,0.0,0.14,14,0,100,86,0.01,0.0072992700729927005,136,1,True,2.7666838691089066,conformal,>,validation,False,0.7550477838506192,0.037846641289798845,0.29569904480172204,0.03923635038228262,0.020010749582149982,2.5141812173107034,304,1987843,4.0,input_px,2,17.859807799999544,8.171476799998345,23.840987299998233,24.319871428566504,0.0,nan,nan,nan,nan,nan,anomaly=0.860,oracle_f1max_threshold=0.822056;train_mean=0.2509863902911699;train_std=0.04999882832763332,role=development
e237ade9c65ccb9a,pixel_pca-pcb1-s0,completed,pixel_pca,T0,own,pcb1,visa,test,0,f875718c8d08b66c,b76d4f8dd1b63d04,c53e7f67e6c4,False,320,768,136,200,0.8146,0.7954367717118479,0.7804878048780488,0.0,0.06,6,0,100,94,0.01,0.0072992700729927005,136,1,True,0.24069739113378846,conformal,>,validation,False,0.9790193037008298,0.3361385380487447,0.7622803983231553,0.17874820151062834,0.09814579272283502,0.4266684995911608,304,1987843,4.0,input_px,2,26.56145269999979,8.307847500000207,26.236958000001323,24.725736607143475,0.0,nan,nan,nan,nan,nan,anomaly=0.940,explained_variance_ratio=0.8194351318601405;n_components=16;oracle_f1max_threshold=0.107197,role=development
0857c618a9b77770,random-pcb1-s0,completed,random,T0,own,pcb1,visa,test,0,cadb6624f83486d6,b76d4f8dd1b63d04,c53e7f67e6c4,False,320,768,136,200,0.491,0.5169544704895497,0.6666666666666666,0.01,0.01,1,1,99,99,0.01,0.0072992700729927005,136,1,True,0.9931620474405111,conformal,>,validation,False,0.5033681789890905,0.01758456803375123,0.12637496260970918,0.0007128583724836669,0.00035655627330417666,0.5623213786819388,304,1987843,4.0,input_px,2,19.14625640000304,8.317605500000354,32.17510559999937,24.75477827381058,0.0,nan,nan,nan,nan,nan,anomaly=0.990,oracle_f1max_threshold=-0.493039;seed=0,role=development
383b0218ab9bf158,random-pcb1-s1,completed,random,T0,own,pcb1,visa,test,1,8714234810d0d7a6,b76d4f8dd1b63d04,c53e7f67e6c4,False,320,768,136,200,0.5874,0.6156161166223361,0.6711864406779661,0.0,0.02,2,0,100,98,0.01,0.0072992700729927005,136,1,True,0.9898924550511543,conformal,>,validation,False,0.4689205634025857,0.018675808325865788,0.14102900730855583,0.001189693731220978,0.0005952009190115714,0.5622825396769594,304,1987843,4.0,input_px,2,19.24599059999673,8.188861499998893,32.715864699999656,24.371611607139563,0.0,nan,nan,nan,nan,nan,anomaly=0.980,oracle_f1max_threshold=0.0292827;seed=1,role=development
71f8dfb051368257,random-pcb1-s2,completed,random,T0,own,pcb1,visa,test,2,e53370cdb9095364,b76d4f8dd1b63d04,c53e7f67e6c4,False,320,768,136,200,0.4746,0.500334794068786,0.6666666666666666,0.0,0.0,0,0,100,100,0.01,0.0072992700729927005,136,1,True,0.9953386304583536,conformal,>,validation,False,0.5078188382984193,0.021438617387383285,0.14382526765836387,0.00010853569387826763,5.427079209817267e-05,0.5628483226784027,304,1987843,4.0,input_px,2,18.697229699999298,7.950850700002775,30.255721699999413,23.66324613096064,0.0,nan,nan,nan,nan,nan,anomaly=1.000,oracle_f1max_threshold=-0.499249;seed=2,role=development
5dc620140b9b0794,cae_l2-pcb1-s0,completed,cae_l2,T1,own,pcb1,visa,test,0,1ac883b4aabcd98c,b76d4f8dd1b63d04,c53e7f67e6c4,False,320,768,136,200,0.551,0.544129955393732,0.6666666666666666,0.0,0.0,0,0,100,100,0.01,0.0072992700729927005,136,1,True,2.419673442840576,conformal,>,validation,False,0.7826782401771383,0.11098800560740825,0.6164037623475118,0.007559548660479235,0.0037941152295903947,0.200412454967921,304,1987843,4.0,input_px,2,180.17084859999886,18.67638430000079,30.418157500000234,55.584477083335685,771.9921875,nan,nan,nan,nan,nan,anomaly=1.000,base_channels=32;batch_size=16;best_val_loss=0.041934;depth=4;early_stopping_patience=12;epochs=60;epochs_run=60;latent_dim=128;loss=l2;lr=0.0002;n_holdout=76;n_train=692;oracle_f1max_threshold=0.603531;parameters=1972163;peak_vram_mb=772.0;residual=multiscale;score_map=l2;seed=0;val_fraction=0.1,role=development
6ebc4f11e3e7feee,cae_l2-pcb1-s1,completed,cae_l2,T1,own,pcb1,visa,test,1,830a9a3d74f71763,b76d4f8dd1b63d04,c53e7f67e6c4,False,320,768,136,200,0.5051,0.5276786669394449,0.6666666666666666,0.0,0.0,0,0,100,100,0.01,0.0072992700729927005,136,1,True,2.371005058288574,conformal,>,validation,False,0.7903512563936712,0.10529450340756259,0.6043690528203501,0.006162256602672583,0.0030906509935821704,0.20556523790266848,304,1987843,4.0,input_px,2,172.80464030000076,12.944713099997898,27.662432099998114,38.52593184523184,779.94140625,nan,nan,nan,nan,nan,anomaly=1.000,base_channels=32;batch_size=16;best_val_loss=0.043225;depth=4;early_stopping_patience=12;epochs=60;epochs_run=60;latent_dim=128;loss=l2;lr=0.0002;n_holdout=76;n_train=692;oracle_f1max_threshold=0.584669;parameters=1972163;peak_vram_mb=779.9;residual=multiscale;score_map=l2;seed=1;val_fraction=0.1,role=development
15f0769af93c7df6,cae_l2-pcb1-s2,completed,cae_l2,T1,own,pcb1,visa,test,2,d98676f69786eb7d,b76d4f8dd1b63d04,c53e7f67e6c4,False,320,768,136,200,0.5856,0.6018813551193536,0.6666666666666666,0.0,0.01,1,0,100,99,0.01,0.0072992700729927005,136,1,True,2.334155797958374,conformal,>,validation,False,0.7843761560057446,0.10367771456939662,0.6081542941750935,0.0077859050934334295,0.0039081668548272075,0.2033790890362718,304,1987843,4.0,input_px,2,168.13703650000025,11.840982199999416,25.648394399999233,35.241018452379215,779.94140625,nan,nan,nan,nan,nan,anomaly=0.990,base_channels=32;batch_size=16;best_val_loss=0.042145;depth=4;early_stopping_patience=12;epochs=60;epochs_run=60;latent_dim=128;loss=l2;lr=0.0002;n_holdout=76;n_train=692;oracle_f1max_threshold=1.13778;parameters=1972163;peak_vram_mb=779.9;residual=multiscale;score_map=l2;seed=2;val_fraction=0.1,role=development
2ff8bfca3f3fd9cb,cae_ssim-pcb1-s0,completed,cae_ssim,T1,own,pcb1,visa,test,0,77be6728632cbbab,b76d4f8dd1b63d04,c53e7f67e6c4,False,320,768,136,200,0.3777,0.42916588348134677,0.6734006734006734,0.01,0.0,0,1,99,100,0.01,0.0072992700729927005,136,1,True,1.1873482465744019,conformal,>,validation,False,0.6584163263750634,0.020695895342550296,0.21373376598661922,0.07972342984267124,0.041516639364161737,0.5614232288429817,304,1987843,4.0,input_px,2,252.24125529999947,11.294435499999963,29.450335800000175,33.61439136904751,1008.3232421875,nan,nan,nan,nan,nan,anomaly=1.000,base_channels=32;batch_size=16;best_val_loss=0.285941;depth=4;early_stopping_patience=12;epochs=60;epochs_run=60;latent_dim=128;loss=ssim;lr=0.0002;n_holdout=76;n_train=692;oracle_f1max_threshold=0.875344;parameters=1972163;peak_vram_mb=1008.3;residual=multiscale;score_map=ssim;seed=0;val_fraction=0.1,role=development
c0c06bebf00c864c,cae_ssim-pcb1-s1,completed,cae_ssim,T1,own,pcb1,visa,test,1,b838b24c5c1ff50b,b76d4f8dd1b63d04,c53e7f67e6c4,False,320,768,136,200,0.3515,0.4085281361867331,0.6711409395973155,0.01,0.0,0,1,99,100,0.01,0.0072992700729927005,136,1,True,1.1600006818771362,conformal,>,validation,False,0.6425542424126341,0.01775535562474309,0.2078513711097794,0.029377858642704004,0.014907910565984788,0.5686826216023497,304,1987843,4.0,input_px,2,249.96029899999849,10.83771390000038,29.79708159999791,32.25510089285827,1007.4990234375,nan,nan,nan,nan,nan,anomaly=1.000,base_channels=32;batch_size=16;best_val_loss=0.294449;depth=4;early_stopping_patience=12;epochs=60;epochs_run=60;latent_dim=128;loss=ssim;lr=0.0002;n_holdout=76;n_train=692;oracle_f1max_threshold=0.861958;parameters=1972163;peak_vram_mb=1007.5;residual=multiscale;score_map=ssim;seed=1;val_fraction=0.1,role=development
66506613abb8389e,cae_ssim-pcb1-s2,completed,cae_ssim,T1,own,pcb1,visa,test,2,616261cc7517dacd,b76d4f8dd1b63d04,c53e7f67e6c4,False,320,768,136,200,0.4937,0.5514367134350306,0.6666666666666666,0.0,0.05,5,0,100,95,0.01,0.0072992700729927005,136,1,True,1.11663818359375,conformal,>,validation,False,0.6264328044638714,0.015134230504142242,0.1865805950700163,0.02711976801255537,0.013746281995656369,0.5646317129103466,304,1987843,4.0,input_px,2,250.1736753999976,10.712783800001489,29.825079100002768,31.88328511905205,1007.4990234375,nan,nan,nan,nan,nan,anomaly=0.950,base_channels=32;batch_size=16;best_val_loss=0.287389;depth=4;early_stopping_patience=12;epochs=60;epochs_run=60;latent_dim=128;loss=ssim;lr=0.0002;n_holdout=76;n_train=692;oracle_f1max_threshold=0.876125;parameters=1972163;peak_vram_mb=1007.5;residual=multiscale;score_map=ssim;seed=2;val_fraction=0.1,role=development
00b777fff4506da9,patchcore-pcb1-s0,completed,patchcore,T3,own,pcb1,visa,test,0,4e8df591f6518371,b76d4f8dd1b63d04,c53e7f67e6c4,False,320,768,136,200,0.9455,0.9333364807224075,0.9023255813953488,0.04,0.47,47,4,96,53,0.01,0.0072992700729927005,136,1,True,1.3848158121109009,conformal,>,validation,False,0.9963781352059303,0.7367201901199124,0.9257050326178842,0.20035185181952084,0.11132834605591382,1.0304462658325277,304,1987843,4.0,input_px,2,53.71343099999649,16.51536750000014,31.696134599998913,49.15287946428613,410.97216796875,nan,nan,nan,nan,nan,anomaly=0.530,"backbone=wide_resnet50_2;bank_capped=False;bank_effective=9523;bank_mb=18.6;bank_ratio=0.01;bank_requested=9523;bank_size=None;candidate_count=95232;candidate_fraction=0.1;coreset_projection_dim=128;descriptor_dim=1024;dtype=float16;feature_grid=31x40;fit_peak_vram_mb=409.4;layers=['layer2', 'layer3'];oracle_f1max_threshold=1.13154;patch_neighbors=1;patch_pool=3;patch_reduction=nearest;patches_total=952320;projection_dim=1024;reweight=True;reweight_neighbors=9;seed=0",role=development
08c4c14a04edb09f,patchcore-pcb1-s0,completed,patchcore,T3,own,pcb1,visa,test,0,4e8df591f6518371,e76083ff53054fe1,469e9b3e2494,False,320,768,136,200,0.9455,0.9333364807224075,0.9023255813953488,0.04,0.47,47,4,96,53,0.01,0.0072992700729927005,136,1,True,1.3848158121109009,conformal,>,validation,False,0.9963781352059303,0.7367201901199124,0.9257050326178842,0.20035185181952084,0.11132834605591382,1.0304462658325277,304,1987843,4.0,input_px,2,48.771077700000205,18.577617900000405,28.326332300000104,55.29052946428692,410.97216796875,1950.4296875,1524.60546875,1597.703125,409.36865234375,410.97216796875,anomaly=0.530,"backbone=wide_resnet50_2;bank_capped=False;bank_effective=9523;bank_mb=18.6;bank_ratio=0.01;bank_requested=9523;bank_size=None;candidate_count=95232;candidate_fraction=0.1;coreset_projection_dim=128;descriptor_dim=1024;dtype=float16;feature_grid=31x40;fit_peak_vram_mb=409.4;layers=['layer2', 'layer3'];oracle_f1max_threshold=1.13154;patch_neighbors=1;patch_pool=3;patch_reduction=nearest;patches_total=952320;projection_dim=1024;reweight=True;reweight_neighbors=9;seed=0",role=development
3e3f8954246e7a81,patchcore-pcb1-s0,completed,patchcore,T3,own,pcb1,visa,test,0,a8a0ff36335f630c,e76083ff53054fe1,469e9b3e2494,False,320,768,136,200,0.9435,0.9315414135610507,0.8932038834951457,0.04,0.46,46,4,96,54,0.01,0.0072992700729927005,136,1,True,1.3848158121109009,conformal,>,validation,False,0.996390438676572,0.735241970387951,0.9255117126940318,0.19567107143194515,0.10844534404668274,1.0254268711602774,304,1987843,4.0,input_px,2,49.09719730000006,18.113837500000045,27.555036900000232,53.91023065476204,416.97216796875,1951.64453125,1524.875,1597.6015625,409.36865234375,416.97216796875,anomaly=0.540,"backbone=wide_resnet50_2;bank_capped=False;bank_effective=10000;bank_mb=19.53;bank_ratio=None;bank_requested=10000;bank_size=10000;candidate_count=95232;candidate_fraction=0.1;coreset_projection_dim=128;descriptor_dim=1024;dtype=float16;feature_grid=31x40;fit_peak_vram_mb=409.4;layers=['layer2', 'layer3'];oracle_f1max_threshold=1.15148;patch_neighbors=1;patch_pool=3;patch_reduction=nearest;patches_total=952320;projection_dim=1024;reweight=True;reweight_neighbors=9;seed=0",role=development
837953f2769603ae,patchcore-pcb1-s0,completed,patchcore,T3,own,pcb1,visa,test,0,bd1b792f48d88173,e76083ff53054fe1,469e9b3e2494,False,448,768,136,200,0.9615,0.9514712825344404,0.9320388349514563,0.09,0.85,85,9,91,15,0.01,0.0072992700729927005,136,1,True,1.3385725021362305,conformal,>,validation,False,0.9967259370028283,0.8395689310155358,0.9508570236238445,0.19931591970230217,0.11068899974355872,1.0430162256781332,304,1987843,4.0,input_px,2,102.52725129999999,29.58430240000007,29.002356899999995,88.04851904761925,618.6611328125,2535.875,1645.8515625,1717.234375,536.49365234375,618.6611328125,anomaly=0.150,"backbone=wide_resnet50_2;bank_capped=False;bank_effective=18493;bank_mb=36.12;bank_ratio=0.01;bank_requested=18493;bank_size=None;candidate_count=185088;candidate_fraction=0.1;coreset_projection_dim=128;descriptor_dim=1024;dtype=float16;feature_grid=43x56;fit_peak_vram_mb=536.5;layers=['layer2', 'layer3'];oracle_f1max_threshold=1.27654;patch_neighbors=1;patch_pool=3;patch_reduction=nearest;patches_total=1849344;projection_dim=1024;reweight=True;reweight_neighbors=9;seed=0",role=development
83c880781165162f,patchcore-pcb1-s0,completed,patchcore,T3,own,pcb1,visa,test,0,1ec41b649f247634,e76083ff53054fe1,469e9b3e2494,False,448,768,136,200,0.9632,0.9533828674977738,0.9345794392523364,0.06,0.76,76,6,94,24,0.01,0.0072992700729927005,136,1,True,1.427812933921814,conformal,>,validation,False,0.9966800177792848,0.8339318674051346,0.9472320994250671,0.22440473940161132,0.12638282179576513,1.089920682059302,304,1987843,4.0,input_px,2,67.01700640000035,23.75391720000016,27.498023499999817,70.69618214285762,536.49365234375,2537.6015625,1630.55078125,1702.3671875,536.49365234375,476.04345703125,anomaly=0.240,"backbone=wide_resnet50_2;bank_capped=False;bank_effective=10000;bank_mb=19.53;bank_ratio=None;bank_requested=10000;bank_size=10000;candidate_count=185088;candidate_fraction=0.1;coreset_projection_dim=128;descriptor_dim=1024;dtype=float16;feature_grid=43x56;fit_peak_vram_mb=536.5;layers=['layer2', 'layer3'];oracle_f1max_threshold=1.1809;patch_neighbors=1;patch_pool=3;patch_reduction=nearest;patches_total=1849344;projection_dim=1024;reweight=True;reweight_neighbors=9;seed=0",role=development
bdf34c2a49302265,patchcore-pcb1-s0,completed,patchcore,T3,own,pcb1,visa,test,0,7acafbf23ca08706,e76083ff53054fe1,469e9b3e2494,False,640,768,136,200,0.9791,0.9777161872981894,0.9423076923076923,0.05,0.85,85,5,95,15,0.01,0.0072992700729927005,136,1,True,1.5390045642852783,conformal,>,validation,False,0.9939819412236723,0.8619095328924137,0.9469006700306004,0.3043143364669674,0.17946388473493113,1.2059159696315598,304,1987843,4.0,input_px,2,107.59278959999938,35.35066370000004,29.086911000000327,105.2103086309525,802.47802734375,3924.42578125,1798.77734375,1871.32421875,802.47802734375,586.22900390625,anomaly=0.150,"backbone=wide_resnet50_2;bank_capped=False;bank_effective=10000;bank_mb=19.53;bank_ratio=None;bank_requested=10000;bank_size=10000;candidate_count=374784;candidate_fraction=0.1;coreset_projection_dim=128;descriptor_dim=1024;dtype=float16;feature_grid=61x80;fit_peak_vram_mb=802.5;layers=['layer2', 'layer3'];oracle_f1max_threshold=1.3616;patch_neighbors=1;patch_pool=3;patch_reduction=nearest;patches_total=3747840;projection_dim=1024;reweight=True;reweight_neighbors=9;seed=0",role=development
e204fd2885c4e9b3,patchcore-pcb1-s0,completed,patchcore,T3,own,pcb1,visa,test,0,e256f864d99b789e,e76083ff53054fe1,469e9b3e2494,False,640,768,136,200,0.9765,0.9743891705025258,0.9556650246305419,0.05,0.81,81,5,95,19,0.01,0.0072992700729927005,136,1,True,1.5256671905517578,conformal,>,validation,False,0.9948457025824688,0.8672420566072631,0.9552254470242854,0.21676569353398575,0.12155760616986368,1.0940451431703697,304,1987843,4.0,input_px,2,261.09085300000015,70.6563941000004,28.900026300000718,210.28688720238213,1311.3662109375,3924.46484375,1853.2890625,1926.390625,802.47802734375,1311.3662109375,anomaly=0.190,"backbone=wide_resnet50_2;bank_capped=False;bank_effective=37478;bank_mb=73.2;bank_ratio=0.01;bank_requested=37478;bank_size=None;candidate_count=374784;candidate_fraction=0.1;coreset_projection_dim=128;descriptor_dim=1024;dtype=float16;feature_grid=61x80;fit_peak_vram_mb=802.5;layers=['layer2', 'layer3'];oracle_f1max_threshold=1.35221;patch_neighbors=1;patch_pool=3;patch_reduction=nearest;patches_total=3747840;projection_dim=1024;reweight=True;reweight_neighbors=9;seed=0",role=development
20a18179a3acf3ad,patchcore-pcb1-s1,completed,patchcore,T3,own,pcb1,visa,test,1,eece92d70c3b9fab,e76083ff53054fe1,469e9b3e2494,False,640,768,136,200,0.9776,0.9737215692733633,0.9405940594059405,0.04,0.86,86,4,96,14,0.01,0.0072992700729927005,136,1,True,1.538299322128296,conformal,>,validation,False,0.9952639985152787,0.8470828082982279,0.9458601897956269,0.314546058146292,0.18662394167849267,1.2061951180087476,304,1987843,4.0,input_px,2,118.32801999999992,36.37024719999954,32.02132299999994,108.24478333333197,802.47802734375,3922.34765625,1800.36328125,1870.0390625,802.47802734375,586.22900390625,anomaly=0.140,"backbone=wide_resnet50_2;bank_capped=False;bank_effective=10000;bank_mb=19.53;bank_ratio=None;bank_requested=10000;bank_size=10000;candidate_count=374784;candidate_fraction=0.1;coreset_projection_dim=128;descriptor_dim=1024;dtype=float16;feature_grid=61x80;fit_peak_vram_mb=802.5;layers=['layer2', 'layer3'];oracle_f1max_threshold=1.40299;patch_neighbors=1;patch_pool=3;patch_reduction=nearest;patches_total=3747840;projection_dim=1024;reweight=True;reweight_neighbors=9;seed=1",role=development
a2a6ac1a1c0ca006,patchcore-pcb1-s1,completed,patchcore,T3,own,pcb1,visa,test,1,9869493fb98bacf5,b76d4f8dd1b63d04,c53e7f67e6c4,False,320,768,136,200,0.9409,0.928029395936691,0.9038461538461539,0.06,0.47,47,6,94,53,0.01,0.0072992700729927005,136,1,True,1.3734203577041626,conformal,>,validation,False,0.9964855166686297,0.7348268005284018,0.9243389754177933,0.19157622290949286,0.10593547006869782,1.0253187103084653,304,1987843,4.0,input_px,2,47.51312189999953,16.804270000000542,25.580667900001572,50.01270833333495,410.97216796875,nan,nan,nan,nan,nan,anomaly=0.530,"backbone=wide_resnet50_2;bank_capped=False;bank_effective=9523;bank_mb=18.6;bank_ratio=0.01;bank_requested=9523;bank_size=None;candidate_count=95232;candidate_fraction=0.1;coreset_projection_dim=128;descriptor_dim=1024;dtype=float16;feature_grid=31x40;fit_peak_vram_mb=409.4;layers=['layer2', 'layer3'];oracle_f1max_threshold=1.14694;patch_neighbors=1;patch_pool=3;patch_reduction=nearest;patches_total=952320;projection_dim=1024;reweight=True;reweight_neighbors=9;seed=1",role=development
a242240f336c4200,patchcore-pcb1-s2,completed,patchcore,T3,own,pcb1,visa,test,2,c025f21f933951e0,e76083ff53054fe1,469e9b3e2494,False,640,768,136,200,0.9796,0.9771580624381486,0.9560975609756097,0.05,0.83,83,5,95,17,0.01,0.0072992700729927005,136,1,True,1.562993049621582,conformal,>,validation,False,0.9950476723902316,0.8616137042916545,0.9504306077227545,0.3045523926105604,0.1796294921076883,1.2048694802744448,304,1987843,4.0,input_px,2,117.49537950000013,36.202318300000115,32.16305030000058,107.74499494047653,1081.9091796875,4065.0234375,1745.80859375,1719.9375,1081.9091796875,863.8681640625,anomaly=0.170,"backbone=wide_resnet50_2;bank_capped=False;bank_effective=10000;bank_mb=19.53;bank_ratio=None;bank_requested=10000;bank_size=10000;candidate_count=374784;candidate_fraction=0.1;coreset_projection_dim=128;descriptor_dim=1024;dtype=float16;feature_grid=61x80;fit_peak_vram_mb=1081.9;layers=['layer2', 'layer3'];oracle_f1max_threshold=1.38838;patch_neighbors=1;patch_pool=3;patch_reduction=nearest;patches_total=3747840;projection_dim=1024;reweight=True;reweight_neighbors=9;seed=2",role=development
d58650c44aed69c6,patchcore-pcb1-s2,completed,patchcore,T3,own,pcb1,visa,test,2,c2b0f2a686f3de0c,b76d4f8dd1b63d04,c53e7f67e6c4,False,320,768,136,200,0.945,0.9313561478085318,0.9047619047619048,0.05,0.43,43,5,95,57,0.01,0.0072992700729927005,136,1,True,1.4158879518508911,conformal,>,validation,False,0.9960265003999992,0.7314208765207791,0.9224098001659744,0.18736249763829385,0.10336457090520146,1.023963787709825,304,1987843,4.0,input_px,2,46.12682209999912,17.429306900001393,29.393565400001535,51.872937202385096,681.0283203125,nan,nan,nan,nan,nan,anomaly=0.570,"backbone=wide_resnet50_2;bank_capped=False;bank_effective=9523;bank_mb=18.6;bank_ratio=0.01;bank_requested=9523;bank_size=None;candidate_count=95232;candidate_fraction=0.1;coreset_projection_dim=128;descriptor_dim=1024;dtype=float16;feature_grid=31x40;fit_peak_vram_mb=678.9;layers=['layer2', 'layer3'];oracle_f1max_threshold=1.12635;patch_neighbors=1;patch_pool=3;patch_reduction=nearest;patches_total=952320;projection_dim=1024;reweight=True;reweight_neighbors=9;seed=2",role=development
84e495551b262c16,histogram-pcb2-s0,completed,histogram,T0,own,pcb2,visa,test,0,50aa0f3ae3052cbd,a2d2dcd0c23061f0,4ff5a6f653d3,False,320,766,135,200,0.8813,0.9105559980330736,0.8061224489795918,0.0,0.6,60,0,100,40,0.01,0.007352941176470588,135,1,True,0.05799845779659522,conformal,>,validation,False,0.741823315111932,0.07532070504346952,0.366233021036273,0.008828042312157785,0.004433591121084764,0.04284636465161737,324,1992995,4.0,input_px,2,17.716400099998282,7.576519700000063,17.12404500000048,22.6164767164181,0.0,785.8828125,883.3828125,935.6953125,0.0,0.0,anomaly=0.400,bins=64;oracle_f1max_threshold=0.0189211,role=confirmation
db9e5fa74bbad610,pixel_pca-pcb2-s0,completed,pixel_pca,T0,own,pcb2,visa,test,0,cb8d1d534917ddeb,a2d2dcd0c23061f0,4ff5a6f653d3,False,320,766,135,200,0.8793,0.8592820455302086,0.8506787330316742,0.0,0.05,5,0,100,95,0.01,0.007352941176470588,135,1,True,0.20722003356668917,conformal,>,validation,False,0.9797208058805316,0.6368671891733296,0.8745694538900314,0.09381253557870621,0.04921474793518647,0.3372454504602891,324,1992995,4.0,input_px,2,17.043747100000473,7.000012100001186,23.37995519999822,20.895558507466227,0.0,939.015625,836.265625,866.6484375,0.0,0.0,anomaly=0.950,explained_variance_ratio=0.7781164315204322;n_components=16;oracle_f1max_threshold=0.0934127,role=confirmation
9d3b949be73213a7,random-pcb2-s0,completed,random,T0,own,pcb2,visa,test,0,b8842c8da1a322b6,a2d2dcd0c23061f0,4ff5a6f653d3,False,320,766,135,200,0.5004,0.5229434151812051,0.6666666666666666,0.01,0.01,1,1,99,99,0.01,0.007352941176470588,135,1,True,0.9931620474405111,conformal,>,validation,False,0.5106868755283964,0.021495664521531996,0.15274047720042205,0.0009851404855281739,0.0004928129877771136,0.5623098679537522,324,1992995,4.0,input_px,2,15.844726299998001,6.896624900000461,26.748360200002935,20.586940000001377,0.0,783.42578125,879.73828125,936.2421875,0.0,0.0,anomaly=0.990,oracle_f1max_threshold=-0.493039;seed=0,role=confirmation
15e56fe708e0e0b6,patchcore-pcb2-s0,completed,patchcore,T3,own,pcb2,visa,test,0,2e82d07b0fd0b548,a2d2dcd0c23061f0,4ff5a6f653d3,False,640,766,135,200,0.9744,0.978978863933259,0.9285714285714286,0.0,0.49,49,0,100,51,0.01,0.007352941176470588,135,1,True,1.7960569858551025,conformal,>,validation,False,0.9809947072376672,0.7879214217500522,0.937837547883045,0.1393997905169371,0.07492194712568961,1.2400205429139834,324,1992995,4.0,input_px,2,106.9981413000005,35.148654599999645,29.807469599998512,104.92135701492431,1356.18408203125,4044.9453125,1734.55859375,1745.07421875,1356.18408203125,1137.42333984375,anomaly=0.510,"backbone=wide_resnet50_2;bank_capped=False;bank_effective=10000;bank_mb=19.53;bank_ratio=None;bank_requested=10000;bank_size=10000;candidate_count=373808;candidate_fraction=0.1;coreset_projection_dim=128;descriptor_dim=1024;dtype=float16;feature_grid=61x80;fit_peak_vram_mb=1356.2;layers=['layer2', 'layer3'];oracle_f1max_threshold=1.4484;patch_neighbors=1;patch_pool=3;patch_reduction=nearest;patches_total=3738080;projection_dim=1024;reweight=True;reweight_neighbors=9;seed=0",role=confirmation
ab25bc4e763a4e04,patchcore-pcb2-s0,completed,patchcore,T3,own,pcb2,visa,test,0,fa29fdc8483316fe,a2d2dcd0c23061f0,4ff5a6f653d3,False,320,766,135,200,0.9396,0.9336390153074419,0.8803827751196173,0.0,0.21,21,0,100,79,0.01,0.007352941176470588,135,1,True,1.7035597562789917,conformal,>,validation,False,0.9879303809694265,0.6616451490167938,0.9171063952461911,0.10297453310876029,0.0542821036965362,1.0115118409350168,324,1992995,4.0,input_px,2,43.42974680000043,16.516249500000413,22.63158580000163,49.30223731343407,1759.56201171875,2248.10546875,1696.65625,1631.984375,1752.83349609375,1759.56201171875,anomaly=0.790,"backbone=wide_resnet50_2;bank_capped=False;bank_effective=10000;bank_mb=19.53;bank_ratio=None;bank_requested=10000;bank_size=10000;candidate_count=94984;candidate_fraction=0.1;coreset_projection_dim=128;descriptor_dim=1024;dtype=float16;feature_grid=31x40;fit_peak_vram_mb=1752.8;layers=['layer2', 'layer3'];oracle_f1max_threshold=1.06013;patch_neighbors=1;patch_pool=3;patch_reduction=nearest;patches_total=949840;projection_dim=1024;reweight=True;reweight_neighbors=9;seed=0",role=confirmation
de523934e26f76a8,patchcore-pcb2-s1,completed,patchcore,T3,own,pcb2,visa,test,1,379c8c6e34a9a746,a2d2dcd0c23061f0,4ff5a6f653d3,False,640,766,135,200,0.979,0.9810649542305276,0.9405940594059405,0.01,0.72,72,1,99,28,0.01,0.007352941176470588,135,1,True,1.6544687747955322,conformal,>,validation,False,0.9797361431436646,0.7835007095172016,0.93607846751144,0.14345459306514255,0.07726963882988729,1.2449151941828949,324,1992995,4.0,input_px,2,107.84389480000027,35.23378109999976,30.1218530999995,105.17546597014854,1634.755859375,4041.62890625,1731.859375,1740.96875,1634.755859375,1415.90234375,anomaly=0.280,"backbone=wide_resnet50_2;bank_capped=False;bank_effective=10000;bank_mb=19.53;bank_ratio=None;bank_requested=10000;bank_size=10000;candidate_count=373808;candidate_fraction=0.1;coreset_projection_dim=128;descriptor_dim=1024;dtype=float16;feature_grid=61x80;fit_peak_vram_mb=1634.8;layers=['layer2', 'layer3'];oracle_f1max_threshold=1.40366;patch_neighbors=1;patch_pool=3;patch_reduction=nearest;patches_total=3738080;projection_dim=1024;reweight=True;reweight_neighbors=9;seed=1",role=confirmation
0998b206a802a75b,patchcore-pcb2-s2,completed,patchcore,T3,own,pcb2,visa,test,2,e3693fc38170c261,a2d2dcd0c23061f0,4ff5a6f653d3,False,640,766,135,200,0.9769,0.9798806040639101,0.9387755102040817,0.01,0.71,71,1,99,29,0.01,0.007352941176470588,135,1,True,1.671795129776001,conformal,>,validation,False,0.9802784012471494,0.7918054879038541,0.943712091754943,0.1375373178756034,0.07384701943059767,1.2387876397722126,324,1992995,4.0,input_px,2,106.66022520000115,35.03988440000103,29.848863899998832,104.59666985074934,1913.44091796875,4042.07421875,1732.1484375,1741.07421875,1913.44091796875,1695.39990234375,anomaly=0.290,"backbone=wide_resnet50_2;bank_capped=False;bank_effective=10000;bank_mb=19.53;bank_ratio=None;bank_requested=10000;bank_size=10000;candidate_count=373808;candidate_fraction=0.1;coreset_projection_dim=128;descriptor_dim=1024;dtype=float16;feature_grid=61x80;fit_peak_vram_mb=1913.4;layers=['layer2', 'layer3'];oracle_f1max_threshold=1.44228;patch_neighbors=1;patch_pool=3;patch_reduction=nearest;patches_total=3738080;projection_dim=1024;reweight=True;reweight_neighbors=9;seed=2",role=confirmation
5d601e0cec42bcf8,histogram-pcb3-s0,completed,histogram,T0,own,pcb3,visa,test,0,078b52e7395a90a7,a2d2dcd0c23061f0,4ff5a6f653d3,False,320,769,136,201,0.6369306930693069,0.6994869828755026,0.6644518272425249,0.0,0.0,0,0,101,100,0.01,0.0072992700729927005,136,1,True,0.22639833993501302,conformal,>,validation,False,0.6373715722328125,0.06232354702035379,0.20088237535208378,0.008009528172140647,0.004020866708660041,0.12119899421095412,280,1992277,4.0,input_px,2,16.193131100000755,7.082996700002695,16.21877470000254,21.017794362025803,0.0,787.51953125,859.9375,917.29296875,0.0,0.0,anomaly=1.000,bins=64;oracle_f1max_threshold=-0.49642,role=confirmation
6fdef374bcc40ddc,pixel_pca-pcb3-s0,completed,pixel_pca,T0,own,pcb3,visa,test,0,c06e6dd3332a1d6a,a2d2dcd0c23061f0,4ff5a6f653d3,False,320,769,136,201,0.7047524752475247,0.6955063275287815,0.7058823529411765,0.0,0.04,4,0,101,96,0.01,0.0072992700729927005,136,1,True,0.20656107472570817,conformal,>,validation,False,0.9790108260861792,0.3511365644823856,0.7916485188238346,0.11236940503659908,0.05952934082358302,0.3332227269561415,280,1992277,4.0,input_px,2,16.082779799999116,6.300318500001595,21.735449899999367,18.695307121666453,0.0,908.70703125,808.4921875,865.625,0.0,0.0,anomaly=0.960,explained_variance_ratio=0.7167587896183517;n_components=16;oracle_f1max_threshold=0.0624082,role=confirmation
9cab9a41b2ca7494,random-pcb3-s0,completed,random,T0,own,pcb3,visa,test,0,482af0b84df2d31c,a2d2dcd0c23061f0,4ff5a6f653d3,False,320,769,136,201,0.5446534653465347,0.5324890257489913,0.6756756756756757,0.009900990099009901,0.0,0,1,100,100,0.01,0.0072992700729927005,136,1,True,0.997884315479321,conformal,>,validation,False,0.5056803809536481,0.01886432281768996,0.14643169379383617,0.001077823814811719,0.0005392024900482495,0.5625310253219024,280,1992277,4.0,input_px,2,14.523139900000388,6.151231499999994,25.883802199998172,18.252912462907997,0.0,783.22265625,861.859375,918.234375,0.0,0.0,anomaly=1.000,oracle_f1max_threshold=0.022269;seed=0,role=confirmation
5448af88e84070bf,patchcore-pcb3-s0,completed,patchcore,T3,own,pcb3,visa,test,0,d58885ef31494363,a2d2dcd0c23061f0,4ff5a6f653d3,False,640,769,136,201,0.9797029702970297,0.9818287717938222,0.9387755102040817,0.0,0.72,72,0,101,28,0.01,0.0072992700729927005,136,1,True,1.6358940601348877,conformal,>,validation,False,0.9881984095540302,0.7339591788923979,0.93620457748979,0.18280084816769263,0.10059483462963978,1.25012936031763,280,1992277,4.0,input_px,2,91.31167079999977,30.037419899999804,28.09299850000025,89.13180979228429,2096.4052734375,3648.94140625,1760.71484375,1754.1015625,2096.4052734375,1943.3681640625,anomaly=0.280,"backbone=wide_resnet50_2;bank_capped=False;bank_effective=10000;bank_mb=19.53;bank_ratio=None;bank_requested=10000;bank_size=10000;candidate_count=307600;candidate_fraction=0.1;coreset_projection_dim=128;descriptor_dim=1024;dtype=float16;feature_grid=50x80;fit_peak_vram_mb=2096.4;layers=['layer2', 'layer3'];oracle_f1max_threshold=1.41577;patch_neighbors=1;patch_pool=3;patch_reduction=nearest;patches_total=3076000;projection_dim=1024;reweight=True;reweight_neighbors=9;seed=0",role=confirmation
d470953aab388b00,patchcore-pcb3-s0,completed,patchcore,T3,own,pcb3,visa,test,0,8c2136d6312ab74f,a2d2dcd0c23061f0,4ff5a6f653d3,False,320,769,136,201,0.9052475247524753,0.9178197691708045,0.847926267281106,0.0,0.29,29,0,101,71,0.01,0.0072992700729927005,136,1,True,1.535057544708252,conformal,>,validation,False,0.9867336161006435,0.4592690889108327,0.8650068099947219,0.11800035548074647,0.0626994568380426,1.0675377837720004,280,1992277,4.0,input_px,2,39.646534299998166,15.203993499999342,23.815831199997774,45.11570771513158,673.04833984375,2177.6171875,1699.8515625,1636.953125,651.6748046875,673.04833984375,anomaly=0.710,"backbone=wide_resnet50_2;bank_capped=False;bank_effective=10000;bank_mb=19.53;bank_ratio=None;bank_requested=10000;bank_size=10000;candidate_count=76900;candidate_fraction=0.1;coreset_projection_dim=128;descriptor_dim=1024;dtype=float16;feature_grid=25x40;fit_peak_vram_mb=651.7;layers=['layer2', 'layer3'];oracle_f1max_threshold=1.10249;patch_neighbors=1;patch_pool=3;patch_reduction=nearest;patches_total=769000;projection_dim=1024;reweight=True;reweight_neighbors=9;seed=0",role=confirmation
ee05c2535c784d78,patchcore-pcb3-s1,completed,patchcore,T3,own,pcb3,visa,test,1,9d65ad4579464680,a2d2dcd0c23061f0,4ff5a6f653d3,False,640,769,136,201,0.9773267326732673,0.9794389919347086,0.9282296650717703,0.0,0.64,64,0,101,36,0.01,0.0072992700729927005,136,1,True,1.7050857543945312,conformal,>,validation,False,0.9898696028640468,0.7247488425362419,0.9260331811708122,0.16559484215659767,0.09027168368370561,1.233327315307095,280,1992277,4.0,input_px,2,91.55973269999959,29.683329699999376,28.465496599999824,88.0810970326391,2372.43359375,3670.796875,1781.625,1774.72265625,2372.43359375,2221.63232421875,anomaly=0.360,"backbone=wide_resnet50_2;bank_capped=False;bank_effective=10000;bank_mb=19.53;bank_ratio=None;bank_requested=10000;bank_size=10000;candidate_count=307600;candidate_fraction=0.1;coreset_projection_dim=128;descriptor_dim=1024;dtype=float16;feature_grid=50x80;fit_peak_vram_mb=2372.4;layers=['layer2', 'layer3'];oracle_f1max_threshold=1.35207;patch_neighbors=1;patch_pool=3;patch_reduction=nearest;patches_total=3076000;projection_dim=1024;reweight=True;reweight_neighbors=9;seed=1",role=confirmation
67ca21683c12780f,patchcore-pcb3-s2,completed,patchcore,T3,own,pcb3,visa,test,2,01b58b8f82c13862,a2d2dcd0c23061f0,4ff5a6f653d3,False,640,769,136,201,0.9764356435643564,0.9784954176105476,0.926829268292683,0.0,0.66,66,0,101,34,0.01,0.0072992700729927005,136,1,True,1.7019845247268677,conformal,>,validation,False,0.9867000288654856,0.728605721188686,0.9337844349111362,0.15552807555594098,0.08432119431843269,1.2249824234830997,280,1992277,4.0,input_px,2,91.11997250000059,29.52794200000062,27.604973999999856,87.62000593471994,983.95947265625,3682.2421875,1776.59375,1711.78125,983.95947265625,831.21728515625,anomaly=0.340,"backbone=wide_resnet50_2;bank_capped=False;bank_effective=10000;bank_mb=19.53;bank_ratio=None;bank_requested=10000;bank_size=10000;candidate_count=307600;candidate_fraction=0.1;coreset_projection_dim=128;descriptor_dim=1024;dtype=float16;feature_grid=50x80;fit_peak_vram_mb=984.0;layers=['layer2', 'layer3'];oracle_f1max_threshold=1.38201;patch_neighbors=1;patch_pool=3;patch_reduction=nearest;patches_total=3076000;projection_dim=1024;reweight=True;reweight_neighbors=9;seed=2",role=confirmation
11c6edc9238adff6,histogram-pcb4-s0,completed,histogram,T0,own,pcb4,visa,test,0,6e5a3bb77947b726,a2d2dcd0c23061f0,4ff5a6f653d3,False,320,768,136,201,0.42277227722772276,0.4216527616287797,0.6688963210702341,0.0,0.0,0,0,101,100,0.01,0.0072992700729927005,136,1,True,0.2122281961196839,conformal,>,validation,False,0.509136102315529,0.0,0.04261761287281852,0.0,0.0,0.19927652434984694,503,1984192,4.0,input_px,2,17.806659199999558,7.606483899999148,17.3399997000015,22.57116884272744,0.0,794.25,892.25390625,953.86328125,0.0,0.0,anomaly=1.000,bins=64;oracle_f1max_threshold=0.0166614,role=confirmation
a6824fd630ddc186,pixel_pca-pcb4-s0,completed,pixel_pca,T0,own,pcb4,visa,test,0,c39b3141018f80f2,a2d2dcd0c23061f0,4ff5a6f653d3,False,320,768,136,201,0.939009900990099,0.9134729087350858,0.8868778280542986,0.0,0.03,3,0,101,97,0.01,0.0072992700729927005,136,1,True,0.1958111010060718,conformal,>,validation,False,0.934628365807253,0.23032580063103109,0.6599570905066003,0.12408730580856653,0.06614769770085242,0.3300038404875318,503,1984192,4.0,input_px,2,17.155981100000645,6.879343300002802,23.621775999999954,20.413481602382202,0.0,915.5234375,811.3125,877.07421875,0.0,0.0,anomaly=0.970,explained_variance_ratio=0.8350790180992789;n_components=16;oracle_f1max_threshold=0.0865977,role=confirmation
c6e3f7d0f4c69903,random-pcb4-s0,completed,random,T0,own,pcb4,visa,test,0,66615d74b4d62028,a2d2dcd0c23061f0,4ff5a6f653d3,False,320,768,136,201,0.5171287128712871,0.5045387397635842,0.6644518272425249,0.0,0.0,0,0,101,100,0.01,0.0072992700729927005,136,1,True,0.9949072299986689,conformal,>,validation,False,0.4822854585866082,0.019409657482454035,0.13929990734050213,0.0012347599589173535,0.0006177613729624266,0.5622155411526909,503,1984192,4.0,input_px,2,15.536806100000831,6.793006899999455,27.191172500002722,20.15729050444942,0.0,783.578125,885.26171875,953.37109375,0.0,0.0,anomaly=1.000,oracle_f1max_threshold=-0.49896;seed=0,role=confirmation
5e0901c188fdec77,patchcore-pcb4-s0,completed,patchcore,T3,own,pcb4,visa,test,0,70f428f1a0102761,a2d2dcd0c23061f0,4ff5a6f653d3,False,320,768,136,201,0.9923762376237624,0.9937908011618121,0.9696969696969697,0.0,0.93,93,0,101,7,0.01,0.0072992700729927005,136,1,True,1.3251785039901733,conformal,>,validation,False,0.9850584855362283,0.6018025561238325,0.9038932760705525,0.1522215919404978,0.0823808695223134,1.055427663179863,503,1984192,4.0,input_px,2,46.692523300000175,16.94680619999781,25.040034499998,50.287258753702694,958.48583984375,2338.72265625,1716.90234375,1645.71484375,953.37158203125,958.48583984375,anomaly=0.070,"backbone=wide_resnet50_2;bank_capped=False;bank_effective=10000;bank_mb=19.53;bank_ratio=None;bank_requested=10000;bank_size=10000;candidate_count=101376;candidate_fraction=0.1;coreset_projection_dim=128;descriptor_dim=1024;dtype=float16;feature_grid=33x40;fit_peak_vram_mb=953.4;layers=['layer2', 'layer3'];oracle_f1max_threshold=1.28317;patch_neighbors=1;patch_pool=3;patch_reduction=nearest;patches_total=1013760;projection_dim=1024;reweight=True;reweight_neighbors=9;seed=0",role=confirmation
8c139fd5f34f287d,patchcore-pcb4-s0,completed,patchcore,T3,own,pcb4,visa,test,0,cec1ab5084c2709f,a2d2dcd0c23061f0,4ff5a6f653d3,False,640,768,136,201,0.9956435643564356,0.9950111415827132,0.975609756097561,0.009900990099009901,0.71,71,1,100,29,0.01,0.0072992700729927005,136,1,True,1.7397586107254028,conformal,>,validation,False,0.9797224378684687,0.5993807205967544,0.885383327036758,0.22958953218774672,0.12968152660747487,1.2643186706042746,503,1984192,4.0,input_px,2,114.26175899999907,37.03224919999957,29.801123799999914,109.88797982195717,1391.5,4219.67578125,1742.2890625,1724.55078125,1391.5,1153.3525390625,anomaly=0.290,"backbone=wide_resnet50_2;bank_capped=False;bank_effective=10000;bank_mb=19.53;bank_ratio=None;bank_requested=10000;bank_size=10000;candidate_count=399360;candidate_fraction=0.1;coreset_projection_dim=128;descriptor_dim=1024;dtype=float16;feature_grid=65x80;fit_peak_vram_mb=1391.5;layers=['layer2', 'layer3'];oracle_f1max_threshold=1.50092;patch_neighbors=1;patch_pool=3;patch_reduction=nearest;patches_total=3993600;projection_dim=1024;reweight=True;reweight_neighbors=9;seed=0",role=confirmation
3064b5f4e9f59c64,patchcore-pcb4-s1,completed,patchcore,T3,own,pcb4,visa,test,1,f44000aafb411fb6,a2d2dcd0c23061f0,4ff5a6f653d3,False,640,768,136,201,0.9961386138613861,0.9957141694409561,0.9801980198019802,0.0,0.71,71,0,101,29,0.01,0.0072992700729927005,136,1,True,1.7386318445205688,conformal,>,validation,False,0.9787751078229994,0.6098037992005972,0.897528062773753,0.23852891063887852,0.135414604349477,1.2648108068876405,503,1984192,4.0,input_px,2,113.19139670000004,37.04660000000149,29.315695100000084,109.930563798224,1672.05615234375,4225.62109375,1132.578125,1106.16015625,1672.05615234375,1432.4970703125,anomaly=0.290,"backbone=wide_resnet50_2;bank_capped=False;bank_effective=10000;bank_mb=19.53;bank_ratio=None;bank_requested=10000;bank_size=10000;candidate_count=399360;candidate_fraction=0.1;coreset_projection_dim=128;descriptor_dim=1024;dtype=float16;feature_grid=65x80;fit_peak_vram_mb=1672.1;layers=['layer2', 'layer3'];oracle_f1max_threshold=1.52482;patch_neighbors=1;patch_pool=3;patch_reduction=nearest;patches_total=3993600;projection_dim=1024;reweight=True;reweight_neighbors=9;seed=1",role=confirmation
2744df82a34161b8,patchcore-pcb4-s2,completed,patchcore,T3,own,pcb4,visa,test,2,81b6f367886608a7,a2d2dcd0c23061f0,4ff5a6f653d3,False,640,768,136,201,0.9953465346534653,0.99500129133738,0.9705882352941176,0.0,0.7,70,0,101,30,0.01,0.0072992700729927005,136,1,True,1.7466193437576294,conformal,>,validation,False,0.9822706265059784,0.5842440939128689,0.8841680856385076,0.2256542375355648,0.12717602302166164,1.2581708231346147,503,1984192,4.0,input_px,2,113.75831280000057,37.981044300000576,32.33949479999865,112.70339554896313,1952.1123046875,3588.16796875,1111.22265625,1106.5390625,1952.1123046875,1713.6396484375,anomaly=0.300,"backbone=wide_resnet50_2;bank_capped=False;bank_effective=10000;bank_mb=19.53;bank_ratio=None;bank_requested=10000;bank_size=10000;candidate_count=399360;candidate_fraction=0.1;coreset_projection_dim=128;descriptor_dim=1024;dtype=float16;feature_grid=65x80;fit_peak_vram_mb=1952.1;layers=['layer2', 'layer3'];oracle_f1max_threshold=1.52338;patch_neighbors=1;patch_pool=3;patch_reduction=nearest;patches_total=3993600;projection_dim=1024;reweight=True;reweight_neighbors=9;seed=2",role=confirmation
138c6299ab4dc644,histogram-pipe_fryum-s0,completed,histogram,T0,own,pipe_fryum,visa,test,0,9ff180a4f16ca8e4,a2d2dcd0c23061f0,4ff5a6f653d3,False,320,382,68,150,0.8514,0.9114355492332575,0.8773584905660378,0.02,0.21,21,1,49,79,0.01,0.014492753623188406,68,1,False,0.027265479654063514,conformal,>,validation,False,0.6589103110736909,0.061822634754289375,0.20316107754996943,0.05161255242069777,0.026489881406709822,0.024797771235898766,289,1973073,4.0,input_px,2,8.720952200001193,4.96491529999912,12.736762199998338,22.774840825684038,0.0,787.5703125,863.26171875,930.5703125,0.0,0.0,anomaly=0.790,bins=64;oracle_f1max_threshold=0.0065137,role=confirmation
ec89360f318135f0,pixel_pca-pipe_fryum-s0,completed,pixel_pca,T0,own,pipe_fryum,visa,test,0,5966aa12abb44e4a,a2d2dcd0c23061f0,4ff5a6f653d3,False,320,382,68,150,0.8818,0.9359823696339451,0.8940092165898618,0.0,0.2,20,0,50,80,0.01,0.014492753623188406,68,1,False,0.053210786044622094,conformal,>,validation,False,0.9801228616060946,0.2071134820317487,0.7567316162920997,0.36441075969382264,0.22280090301010172,0.21374306130194756,289,1973073,4.0,input_px,2,8.130877999999939,4.319022799998493,15.470141600002535,19.812031192653635,0.0,831.3046875,797.3125,867.62890625,0.0,0.0,anomaly=0.800,explained_variance_ratio=0.8725709969902962;n_components=16;oracle_f1max_threshold=0.0322954,role=confirmation
aa0cc2edec23eaec,random-pipe_fryum-s0,completed,random,T0,own,pipe_fryum,visa,test,0,24ab58fa50dbbedf,a2d2dcd0c23061f0,4ff5a6f653d3,False,320,382,68,150,0.5346,0.7067221573110563,0.8,0.0,0.01,1,0,50,99,0.01,0.014492753623188406,68,1,False,0.9948621525105585,conformal,>,validation,False,0.5063228760427745,0.026597273450992057,0.15830386278239386,0.002726473647936341,0.001365097775524082,0.5621665057834345,289,1973073,4.0,input_px,2,7.559021900000516,4.303671500001656,20.25944729999901,19.741612385328697,0.0,783.4140625,853.61328125,929.3359375,0.0,0.0,anomaly=0.990,oracle_f1max_threshold=-0.490225;seed=0,role=confirmation
638ab20fdb28b305,patchcore-pipe_fryum-s0,completed,patchcore,T3,own,pipe_fryum,visa,test,0,3b69d947c133b72e,a2d2dcd0c23061f0,4ff5a6f653d3,False,320,382,68,150,0.9896,0.9948744807217791,0.9753694581280788,0.06,0.91,91,3,47,9,0.01,0.014492753623188406,68,1,False,1.1890181303024292,conformal,>,validation,False,0.991887056853581,0.7730263008991165,0.9532561399602141,0.38005306042881726,0.23460833879498633,0.9778853545576056,289,1973073,4.0,input_px,2,26.87395120000292,11.053878599999734,17.75312930000291,50.70586513761346,1236.740234375,2041.16796875,1735.16796875,1661.45703125,1236.740234375,1234.24560546875,anomaly=0.090,"backbone=wide_resnet50_2;bank_capped=False;bank_effective=10000;bank_mb=19.53;bank_ratio=None;bank_requested=10000;bank_size=10000;candidate_count=55008;candidate_fraction=0.1;coreset_projection_dim=128;descriptor_dim=1024;dtype=float16;feature_grid=36x40;fit_peak_vram_mb=1236.7;layers=['layer2', 'layer3'];oracle_f1max_threshold=1.09012;patch_neighbors=1;patch_pool=3;patch_reduction=nearest;patches_total=550080;projection_dim=1024;reweight=True;reweight_neighbors=9;seed=0",role=confirmation
da573d35abc53446,patchcore-pipe_fryum-s0,completed,patchcore,T3,own,pipe_fryum,visa,test,0,72e003e55a431833,a2d2dcd0c23061f0,4ff5a6f653d3,False,640,382,68,150,0.9982,0.9991153239970779,0.9850746268656716,0.04,0.98,98,2,48,2,0.01,0.014492753623188406,68,1,False,1.3076889514923096,conformal,>,validation,False,0.9881052376557866,0.8510386008801318,0.9656957818270351,0.41676509838223635,0.26323642686021004,1.0578906765133582,289,1973073,4.0,input_px,2,65.36808390000078,25.297531999998682,21.60468110000147,116.04372477063616,2281.07470703125,2412.51171875,1098.98828125,1112.57421875,2281.07470703125,2015.69921875,anomaly=0.020,"backbone=wide_resnet50_2;bank_capped=False;bank_effective=10000;bank_mb=19.53;bank_ratio=None;bank_requested=10000;bank_size=10000;candidate_count=216976;candidate_fraction=0.1;coreset_projection_dim=128;descriptor_dim=1024;dtype=float16;feature_grid=71x80;fit_peak_vram_mb=2281.1;layers=['layer2', 'layer3'];oracle_f1max_threshold=1.2669;patch_neighbors=1;patch_pool=3;patch_reduction=nearest;patches_total=2169760;projection_dim=1024;reweight=True;reweight_neighbors=9;seed=0",role=confirmation
1ef4352ed8bd24f3,patchcore-pipe_fryum-s1,completed,patchcore,T3,own,pipe_fryum,visa,test,1,05719d366508152f,a2d2dcd0c23061f0,4ff5a6f653d3,False,640,382,68,150,0.9948,0.9972985842958699,0.9849246231155779,0.02,0.98,98,1,49,2,0.01,0.014492753623188406,68,1,False,1.2910727262496948,conformal,>,validation,False,0.9882771787410514,0.8413532337015257,0.9639489827969893,0.4089193448564479,0.2570073010029488,1.0524079495248355,289,1973073,4.0,input_px,2,61.70592620000025,25.34971399999995,20.800361300000077,116.28309174311903,2561.162109375,2431.96875,1117.859375,1112.91796875,2561.162109375,2296.34912109375,anomaly=0.020,"backbone=wide_resnet50_2;bank_capped=False;bank_effective=10000;bank_mb=19.53;bank_ratio=None;bank_requested=10000;bank_size=10000;candidate_count=216976;candidate_fraction=0.1;coreset_projection_dim=128;descriptor_dim=1024;dtype=float16;feature_grid=71x80;fit_peak_vram_mb=2561.2;layers=['layer2', 'layer3'];oracle_f1max_threshold=1.29029;patch_neighbors=1;patch_pool=3;patch_reduction=nearest;patches_total=2169760;projection_dim=1024;reweight=True;reweight_neighbors=9;seed=1",role=confirmation
3a85b4ec5650114f,patchcore-pipe_fryum-s2,completed,patchcore,T3,own,pipe_fryum,visa,test,2,d9cc881349aa2437,a2d2dcd0c23061f0,4ff5a6f653d3,False,640,382,68,150,0.9958,0.9978940127743595,0.9849246231155779,0.08,0.98,98,4,46,2,0.01,0.014492753623188406,68,1,False,1.2910442352294922,conformal,>,validation,False,0.9880240874254663,0.8484289409911745,0.9626164085441413,0.41534073497111695,0.2621009728318767,1.057414456625603,289,1973073,4.0,input_px,2,64.17437120000068,25.459710299999642,21.3036888000006,116.78766192660386,2842.87451171875,2432.26953125,1118.1640625,1072.21484375,2842.87451171875,2578.0615234375,anomaly=0.020,"backbone=wide_resnet50_2;bank_capped=False;bank_effective=10000;bank_mb=19.53;bank_ratio=None;bank_requested=10000;bank_size=10000;candidate_count=216976;candidate_fraction=0.1;coreset_projection_dim=128;descriptor_dim=1024;dtype=float16;feature_grid=71x80;fit_peak_vram_mb=2842.9;layers=['layer2', 'layer3'];oracle_f1max_threshold=1.34705;patch_neighbors=1;patch_pool=3;patch_reduction=nearest;patches_total=2169760;projection_dim=1024;reweight=True;reweight_neighbors=9;seed=2",role=confirmation
